customer_key,customer_name,industry,vertical,address,city,county,postcode
1,University of Sheffield,Education,Public Sector,58 Mill Lane,Liverpool,Merseyside,L95 9DY
2,Harrison Martin Ltd,Financial Services,SMB,24 Church Road,London,Greater London,EC30 1TW
3,Lee Turner Solutions,Hospitality,Enterprise,151 Park Lane,Cambridge,Cambridgeshire,CB1 7FZ
4,Edwards Johnson Solutions,Transport & Logistics,SMB,27 Station Road,Nottingham,Nottinghamshire,NG49 6DM
5,Williams Hill UK,Manufacturing,Enterprise,97 Station Road,Leeds,West Yorkshire,LS71 6KX
6,Taylor Williams and Co,Hospitality,Enterprise,198 Park Lane,Liverpool,Merseyside,L11 7HD
7,Hill Patel Group,Professional Services,SMB,91 Church Road,Cardiff,Wales,CF86 2JZ
8,Lee White Group,Retail,Enterprise,98 Park Lane,Cambridge,Cambridgeshire,CB82 4ZU
9,Brown Thompson Ltd,Construction,Enterprise,103 Park Lane,Nottingham,Nottinghamshire,NG9 6GV
10,Morris Wood and Co,Technology,SMB,37 Park Lane,Cambridge,Cambridgeshire,CB18 9HU
11,Harrison Martin International,Manufacturing,Enterprise,93 Church Road,Belfast,Northern Ireland,BT18 2TS
12,Evans Johnson and Co,Healthcare,Enterprise,175 Queens Road,Edinburgh,Scotland,EH77 7CN
13,Clark Hughes UK,Charity,SMB,175 Innovation Drive,London,Greater London,EC15 5YU
14,Evans Green Services,Transport & Logistics,SMB,117 High Street,Edinburgh,Scotland,EH93 3JT
15,Wilson Hall and Co,Insurance,Enterprise,156 Church Road,Brighton,East Sussex,BN20 9MF
16,Smith Morgan Associates,Recruitment,SMB,5 Station Road,Oxford,Oxfordshire,OX47 1KH
17,Baker Davies PLC,Manufacturing,SMB,18 Commerce Way,Oxford,Oxfordshire,OX69 8EE
18,Hughes Clark International,Retail,Enterprise,55 Technology Park,Reading,Berkshire,RG70 5ZG
19,Patel Networks Group,MSP,Partner,31 Church Road,Cambridge,Cambridgeshire,CB29 1CL
20,Harrison Thompson Ltd,Technology,Enterprise,182 Business Park,Birmingham,West Midlands,B8 1HC
21,Taylor Moore Solutions,Transport & Logistics,SMB,172 Kings Road,Sheffield,South Yorkshire,S28 8UE
22,Ward Turner Solutions,Manufacturing,SMB,25 Business Park,Leeds,West Yorkshire,LS56 7MP
23,Brown Wilson Ltd,Charity,SMB,187 Victoria Road,Belfast,Northern Ireland,BT14 4HG
24,Cooper Thomas Services,Media & Entertainment,Enterprise,72 Kings Road,Edinburgh,Scotland,EH32 9CR
25,Brown Lee Ltd,Financial Services,Enterprise,193 Enterprise Road,Birmingham,West Midlands,B31 8FP
26,Robinson Wood Ltd,Real Estate,SMB,98 High Street,Edinburgh,Scotland,EH50 5JR
27,King Morris Group,Central Government,Public Sector,76 Church Road,Bristol,Avon,BS8 1VU
28,Brown Brown International,Construction,Enterprise,129 Technology Park,Oxford,Oxfordshire,OX68 9FB
29,Walker Taylor International,Financial Services,SMB,173 Enterprise Road,Birmingham,West Midlands,B31 4ND
30,Davies Turner and Co,Healthcare,SMB,145 Market Street,Milton Keynes,Buckinghamshire,MK41 6JG
31,Hughes Wood Group,Manufacturing,SMB,118 Victoria Road,Newcastle,Tyne and Wear,NE97 8CA
32,Taylor Lee Solutions,Financial Services,Enterprise,68 Mill Lane,Brighton,East Sussex,BN45 6CH
33,Roberts Cooper UK,Professional Services,Enterprise,157 Commerce Way,Newcastle,Tyne and Wear,NE84 9TA
34,Wilson Thomas Partners,Construction,SMB,28 Innovation Drive,Leeds,West Yorkshire,LS71 5EJ
35,Harris Robinson and Co,Technology,SMB,130 Kings Road,Sheffield,South Yorkshire,S33 7BC
36,Williams Smith Associates,Professional Services,SMB,164 Park Lane,Glasgow,Scotland,G21 7RU
37,Evans Taylor LLP,Legal Services,SMB,140 High Street,Glasgow,Scotland,G48 3VU
38,Thomas Williams Partners,Central Government,Public Sector,11 Technology Park,Cardiff,Wales,CF46 4GY
39,Clarke King Services,Financial Services,Enterprise,192 Mill Lane,Coventry,West Midlands,CV31 7FF
40,Walker Harris Services,Legal Services,Enterprise,69 Mill Lane,Liverpool,Merseyside,L90 1DN
41,Thompson Wright Holdings,Real Estate,SMB,79 Enterprise Road,Cardiff,Wales,CF30 4HA
42,Harris IT Solutions Ltd,MSP,Partner,90 Business Park,Sheffield,South Yorkshire,S66 9NY
43,Jones Evans Partners,Transport & Logistics,SMB,149 Park Lane,Edinburgh,Scotland,EH5 7DW
44,Lewis Martin International,Transport & Logistics,Enterprise,30 Queens Road,Brighton,East Sussex,BN74 1GJ
45,Smith Clark UK,Central Government,Public Sector,94 Queens Road,Bristol,Avon,BS9 6YL
46,Academy of Newcastle,Education,Public Sector,80 Business Park,Brighton,East Sussex,BN53 5LN
47,University of Reading,Education,Enterprise,174 Innovation Drive,Belfast,Northern Ireland,BT23 5WV
48,King Communications Partners,MSP,Partner,54 Queens Road,Newcastle,Tyne and Wear,NE75 6WX
49,Cooper Cooper and Co,Charity,SMB,131 Kings Road,Bristol,Avon,BS95 2FY
50,Moore Harris PLC,Professional Services,Enterprise,173 Park Lane,Liverpool,Merseyside,L29 1GE
51,White Ward International,Healthcare,SMB,117 Queens Road,Birmingham,West Midlands,B81 7VG
52,Wood White Group,Real Estate,Enterprise,193 Enterprise Road,London,Greater London,EC99 4DP
53,Clark Hill Ltd,Hospitality,SMB,64 Technology Park,Southampton,Hampshire,SO16 8RE
54,King Morgan Associates,Recruitment,SMB,157 Enterprise Road,Cambridge,Cambridgeshire,CB93 9TP
55,City Hospital NHS Trust,NHS Trust,Public Sector,116 Park Lane,Oxford,Oxfordshire,OX97 5HX
56,Morris White Partners,Recruitment,SMB,20 Innovation Drive,Cambridge,Cambridgeshire,CB37 6HJ
57,Lee Davies Group,Construction,Enterprise,60 Queens Road,Glasgow,Scotland,G89 4EZ
58,Turner Turner Associates,Healthcare,Public Sector,120 Queens Road,Southampton,Hampshire,SO8 7GP
59,Baker Jackson Holdings,Legal Services,Enterprise,91 Park Lane,London,Greater London,EC97 9NP
60,Morgan Thompson Holdings,Media & Entertainment,Enterprise,70 Queens Road,Liverpool,Merseyside,L63 6AN
61,Roberts Networks Ltd,MSP,Partner,137 High Street,Coventry,West Midlands,CV51 1VV
62,Martin Thomas Holdings,Financial Services,SMB,13 Park Lane,Edinburgh,Scotland,EH49 8LG
63,Harris Jackson Partners,Construction,Enterprise,65 Enterprise Road,Reading,Berkshire,RG11 9SA
64,Clarke Thompson and Co,Healthcare,Enterprise,200 Business Park,Birmingham,West Midlands,B6 4AH
65,Johnson White Group,Legal Services,Enterprise,172 Station Road,Oxford,Oxfordshire,OX73 5GR
66,Roberts Tech Group,Telecommunications,Partner,200 Enterprise Road,Leeds,West Yorkshire,LS21 1KD
67,Baker Jackson Services,Construction,SMB,20 The Green,Bristol,Avon,BS89 2XH
68,Morgan Evans International,Construction,SMB,89 Market Street,Manchester,Greater Manchester,M55 2YM
69,Harris Smith Services,Insurance,Enterprise,28 Queens Road,Oxford,Oxfordshire,OX47 3XR
70,Walker Clark and Co,Central Government,Public Sector,158 Commerce Way,Sheffield,South Yorkshire,S69 7SR
71,Lewis White PLC,Professional Services,SMB,116 Church Road,Sheffield,South Yorkshire,S97 7RV
72,Jones Morris Associates,Transport & Logistics,SMB,125 Church Road,Edinburgh,Scotland,EH46 5JL
73,King Smith UK,Professional Services,SMB,22 Church Road,Bristol,Avon,BS93 9PS
74,Ward Morris Holdings,Manufacturing,SMB,24 Park Lane,London,Greater London,EC29 4NZ
75,Harrison Patel Holdings,Construction,SMB,136 Victoria Road,Southampton,Hampshire,SO55 6UL
76,Edwards Hall Partners,Charity,SMB,31 Innovation Drive,Liverpool,Merseyside,L25 9LD
77,Wright Robinson LLP,Hospitality,SMB,71 Innovation Drive,Oxford,Oxfordshire,OX76 5TW
78,Wright Green Solutions,Financial Services,Enterprise,46 Park Lane,Cardiff,Wales,CF2 3ZU
79,Williams Brown UK,Professional Services,SMB,179 Mill Lane,Newcastle,Tyne and Wear,NE82 1SD
80,Ward Ward Holdings,Professional Services,Enterprise,48 High Street,Nottingham,Nottinghamshire,NG33 2SD
81,Morris Communications Group,MSP,Partner,39 Mill Lane,Manchester,Greater Manchester,M73 4KC
82,Academy of Reading,Education,Public Sector,153 Commerce Way,Coventry,West Midlands,CV80 7HT
83,St Marys Hospital NHS Trust,NHS Trust,Public Sector,151 Queens Road,Newcastle,Tyne and Wear,NE40 1VW
84,Robinson Robinson Partners,Financial Services,Enterprise,41 Church Road,Birmingham,West Midlands,B23 3UC
85,Turner Cooper LLP,Legal Services,SMB,121 Park Lane,Coventry,West Midlands,CV5 5HK
86,Taylor Thompson Partners,Charity,SMB,170 Commerce Way,Milton Keynes,Buckinghamshire,MK26 9PD
87,Johnson Edwards Group,Technology,Enterprise,16 Mill Lane,Birmingham,West Midlands,B40 5WV
88,Royal Hospital NHS Trust,NHS Trust,Public Sector,177 Park Lane,Cambridge,Cambridgeshire,CB90 9NJ
89,Morris Cooper PLC,Media & Entertainment,Enterprise,11 Technology Park,Coventry,West Midlands,CV56 5LW
90,Davies Thompson and Co,Legal Services,Enterprise,151 High Street,Milton Keynes,Buckinghamshire,MK98 1YJ
91,Ward Clark and Co,Hospitality,SMB,72 Mill Lane,Cambridge,Cambridgeshire,CB75 8PX
92,Ward Clarke Services,Financial Services,SMB,83 Business Park,Nottingham,Nottinghamshire,NG14 7FL
93,Green Wood UK,Real Estate,Enterprise,117 Station Road,Manchester,Greater Manchester,M41 2JL
94,Moore Communications Group,MSP,Partner,119 Queens Road,Southampton,Hampshire,SO7 6GT
95,Cooper Brown Solutions,Real Estate,Enterprise,141 Mill Lane,Sheffield,South Yorkshire,S37 8RZ
96,University of Coventry,Education,Public Sector,182 Mill Lane,Liverpool,Merseyside,L40 9UA
97,Birmingham Borough Council,Local Government,Public Sector,119 Station Road,Leeds,West Yorkshire,LS83 5ES
98,Edwards Turner Holdings,Insurance,Enterprise,63 Kings Road,Oxford,Oxfordshire,OX71 4EN
99,Thomas Taylor Partners,Insurance,Enterprise,88 Technology Park,Reading,Berkshire,RG65 5JA
100,Harrison Harrison and Co,Construction,SMB,39 Kings Road,Oxford,Oxfordshire,OX69 6SM
101,Jackson Hill Associates,Media & Entertainment,Enterprise,179 Church Road,Bristol,Avon,BS74 7NH
102,Lewis Ward LLP,Healthcare,SMB,99 Business Park,Belfast,Northern Ireland,BT84 1ES
103,Academy of Milton Keynes,Education,Enterprise,26 Enterprise Road,Nottingham,Nottinghamshire,NG57 8DT
104,Johnson Turner and Co,Legal Services,SMB,20 Kings Road,Glasgow,Scotland,G34 7LW
105,Harris Lee Services,Financial Services,SMB,161 Innovation Drive,Nottingham,Nottinghamshire,NG98 1SU
106,White Green Solutions,Healthcare,Public Sector,112 Station Road,Birmingham,West Midlands,B98 2XZ
107,City Hospital NHS Trust,NHS Trust,Public Sector,8 High Street,Newcastle,Tyne and Wear,NE42 6BK
108,Martin Telecom Ltd,Telecommunications,Partner,106 The Green,Brighton,East Sussex,BN88 3FF
109,Jackson White Holdings,Financial Services,SMB,37 Church Road,Milton Keynes,Buckinghamshire,MK60 8XJ
110,Smith Hill Partners,Manufacturing,Enterprise,41 Station Road,Southampton,Hampshire,SO57 5MV
111,Hughes Hill Partners,Central Government,Public Sector,99 Enterprise Road,Bristol,Avon,BS62 7DH
112,Baker Green LLP,Transport & Logistics,Enterprise,6 Enterprise Road,Newcastle,Tyne and Wear,NE85 1NJ
113,Morgan Morris Partners,Healthcare,Enterprise,156 Commerce Way,Liverpool,Merseyside,L46 4HX
114,Thomas Wilson and Co,Manufacturing,Enterprise,80 Commerce Way,Manchester,Greater Manchester,M57 6BV
115,University of Newcastle,Education,Enterprise,192 Queens Road,Nottingham,Nottinghamshire,NG23 9GE
116,Clark Tech Partners,Telecommunications,Partner,66 Technology Park,Edinburgh,Scotland,EH62 2KL
117,Taylor Johnson Solutions,Charity,SMB,143 Victoria Road,Belfast,Northern Ireland,BT12 5NA
118,Evans Hill Associates,Media & Entertainment,Enterprise,150 Queens Road,Sheffield,South Yorkshire,S82 4MD
119,Jones King Associates,Real Estate,SMB,57 Business Park,Coventry,West Midlands,CV9 5XR
120,Leeds Borough Council,Local Government,Public Sector,10 Park Lane,Manchester,Greater Manchester,M64 4DD
121,Thomas Jackson Holdings,Media & Entertainment,Enterprise,172 Innovation Drive,Cardiff,Wales,CF90 3UP
122,Leeds County Council,Local Government,Public Sector,105 Park Lane,Coventry,West Midlands,CV5 4ZM
123,St Marys Hospital NHS Trust,NHS Trust,Public Sector,93 Station Road,Liverpool,Merseyside,L88 6MU
124,Wood Edwards Solutions,Healthcare,Enterprise,117 Station Road,Leeds,West Yorkshire,LS85 1GX
125,Harris White Group,Healthcare,Enterprise,53 Station Road,Milton Keynes,Buckinghamshire,MK98 4UG
126,Harris Johnson International,Technology,Enterprise,71 Enterprise Road,London,Greater London,EC19 5EU
127,Evans Jones Group,Hospitality,SMB,92 Commerce Way,London,Greater London,EC31 1VL
128,Hughes Brown Group,Hospitality,SMB,135 Station Road,Reading,Berkshire,RG96 8CS
129,Moore Tech Ltd,Telecommunications,Partner,129 Church Road,Cambridge,Cambridgeshire,CB79 9BY
130,Hill Jones Ltd,Construction,SMB,103 Queens Road,Oxford,Oxfordshire,OX88 8DS
131,Davies Lewis International,Healthcare,Public Sector,17 Mill Lane,Glasgow,Scotland,G36 9WX
132,Jackson Morgan UK,Construction,Enterprise,117 Market Street,Newcastle,Tyne and Wear,NE78 2PD
133,Martin Cooper Solutions,Technology,SMB,87 Enterprise Road,Reading,Berkshire,RG59 2NP
134,Martin Lewis and Co,Construction,Enterprise,96 Mill Lane,Sheffield,South Yorkshire,S88 2SC
135,Davies Martin PLC,Financial Services,SMB,34 Market Street,Cardiff,Wales,CF8 9VU
136,Evans Turner Associates,Transport & Logistics,SMB,185 High Street,Reading,Berkshire,RG37 6WK
137,Baker Moore Solutions,Financial Services,Enterprise,169 Kings Road,Glasgow,Scotland,G29 9DM
138,Evans IT Solutions Group,Telecommunications,Partner,110 Enterprise Road,Liverpool,Merseyside,L72 9WW
139,Morgan Edwards Ltd,Legal Services,Enterprise,70 Innovation Drive,Edinburgh,Scotland,EH98 6KL
140,Walker Johnson International,Legal Services,SMB,18 Mill Lane,Belfast,Northern Ireland,BT95 2XA
141,Robinson Jackson Services,Recruitment,SMB,88 Mill Lane,Cambridge,Cambridgeshire,CB48 2KL
142,Johnson Roberts International,Healthcare,Enterprise,173 Station Road,Manchester,Greater Manchester,M35 7RY
143,Morgan Cooper Services,Real Estate,Enterprise,56 Commerce Way,Sheffield,South Yorkshire,S66 7DM
144,College of Milton Keynes,Education,Public Sector,135 Business Park,Oxford,Oxfordshire,OX40 7BH
145,Smith Robinson Partners,Healthcare,Enterprise,197 Mill Lane,Bristol,Avon,BS98 6JK
146,University of Oxford,Education,Public Sector,45 Mill Lane,Reading,Berkshire,RG49 4UZ
147,King Clarke PLC,Insurance,Enterprise,190 High Street,Belfast,Northern Ireland,BT56 2AR
148,Baker Martin International,Construction,Enterprise,182 Business Park,Belfast,Northern Ireland,BT54 7KD
149,Lewis Roberts International,Legal Services,Enterprise,177 Technology Park,Cambridge,Cambridgeshire,CB47 2CP
150,Martin Harrison Services,Manufacturing,SMB,21 Queens Road,Brighton,East Sussex,BN40 6LH
151,Taylor Moore and Co,Retail,Enterprise,136 Market Street,Leeds,West Yorkshire,LS25 3MM
152,Wilson Johnson Partners,Manufacturing,SMB,45 The Green,Bristol,Avon,BS20 3XC
153,Hill Baker International,Real Estate,Enterprise,175 Technology Park,Cambridge,Cambridgeshire,CB73 6XX
154,Johnson Cooper PLC,Construction,Enterprise,114 Business Park,Oxford,Oxfordshire,OX39 1JV
155,Moore Taylor Partners,Transport & Logistics,Enterprise,116 High Street,Cambridge,Cambridgeshire,CB8 2MK
156,Morgan Moore Services,Financial Services,SMB,149 Market Street,Cambridge,Cambridgeshire,CB95 4BR
157,Morgan Ward UK,Construction,Enterprise,16 Kings Road,Glasgow,Scotland,G14 2LZ
158,Walker Williams Solutions,Insurance,Enterprise,113 Market Street,Cambridge,Cambridgeshire,CB67 6WF
159,Green Networks Partners,Telecommunications,Partner,174 The Green,Nottingham,Nottinghamshire,NG7 6XX
160,Harris Wilson UK,Healthcare,Public Sector,73 Park Lane,Belfast,Northern Ireland,BT93 3YW
161,Davies Harrison and Co,Transport & Logistics,SMB,90 Park Lane,Glasgow,Scotland,G84 7ZY
162,Academy of Birmingham,Education,Enterprise,144 Queens Road,Newcastle,Tyne and Wear,NE83 9LE
163,Martin Moore Associates,Financial Services,SMB,93 Park Lane,London,Greater London,EC24 8GL
164,Thompson Thomas Group,Hospitality,Enterprise,76 Enterprise Road,Birmingham,West Midlands,B13 9TU
165,Harris Thomas International,Healthcare,SMB,40 Mill Lane,Belfast,Northern Ireland,BT24 3ZW
166,Royal Hospital NHS Trust,NHS Trust,Public Sector,94 Business Park,Reading,Berkshire,RG93 5HR
167,City Hospital NHS Trust,NHS Trust,Public Sector,62 Park Lane,Southampton,Hampshire,SO61 8GM
168,Green Jackson UK,Charity,SMB,108 Mill Lane,Brighton,East Sussex,BN26 5WE
169,Ward Patel UK,Healthcare,Enterprise,183 Enterprise Road,Leeds,West Yorkshire,LS67 2DK
170,Edwards Cooper UK,Retail,Enterprise,112 Station Road,Glasgow,Scotland,G29 1RM
171,Manchester County Council,Local Government,Public Sector,96 Church Road,Brighton,East Sussex,BN50 4CM
172,Lewis Wilson LLP,Legal Services,Enterprise,38 Mill Lane,Nottingham,Nottinghamshire,NG5 3KS
173,Cooper Smith PLC,Real Estate,SMB,66 Church Road,London,Greater London,EC20 9UW
174,Evans Green Solutions,Central Government,Public Sector,32 High Street,Newcastle,Tyne and Wear,NE31 8PX
175,Evans Morris International,Healthcare,Public Sector,5 Business Park,Southampton,Hampshire,SO66 3VH
176,Martin Smith International,Professional Services,Enterprise,62 The Green,Cardiff,Wales,CF54 2FY
177,Patel Taylor UK,Recruitment,SMB,130 Commerce Way,Southampton,Hampshire,SO65 7UA
178,Williams Jackson Associates,Real Estate,SMB,192 High Street,Sheffield,South Yorkshire,S46 4CM
179,Harrison Harris Group,Financial Services,Enterprise,91 Market Street,Manchester,Greater Manchester,M44 8XF
180,Walker Thomas PLC,Real Estate,SMB,10 Park Lane,Cambridge,Cambridgeshire,CB26 1BG
181,Hall Moore Services,Construction,Enterprise,122 Park Lane,Southampton,Hampshire,SO5 5XG
182,Brown Harris Partners,Transport & Logistics,Enterprise,95 Queens Road,Leeds,West Yorkshire,LS52 6RN
183,Morris Morris Associates,Hospitality,SMB,69 Commerce Way,Brighton,East Sussex,BN11 7PC
184,Lee Green Associates,Hospitality,SMB,21 Victoria Road,Leeds,West Yorkshire,LS85 8KK
185,Roberts Cooper Associates,Central Government,Public Sector,11 Innovation Drive,Cambridge,Cambridgeshire,CB46 5WP
186,Taylor Wood Associates,Healthcare,Enterprise,192 Business Park,Brighton,East Sussex,BN21 8AE
187,Thomas Taylor Solutions,Healthcare,SMB,93 Queens Road,Cardiff,Wales,CF73 3BW
188,County Hospital NHS Trust,NHS Trust,Public Sector,114 Commerce Way,Cardiff,Wales,CF10 9VE
189,Wood IT Solutions Group,Telecommunications,Partner,64 Station Road,Sheffield,South Yorkshire,S4 9FS
190,King Communications Partners,IT Reseller,Partner,181 Kings Road,Sheffield,South Yorkshire,S28 8WK
191,Evans Thomas PLC,Hospitality,Enterprise,45 Technology Park,Cambridge,Cambridgeshire,CB92 6RC
192,Taylor King UK,Transport & Logistics,Enterprise,77 Enterprise Road,Newcastle,Tyne and Wear,NE21 3ZZ
193,Moore Telecom Ltd,Telecommunications,Partner,36 Church Road,Bristol,Avon,BS64 9AM
194,Hill Tech Ltd,Telecommunications,Partner,23 Station Road,Coventry,West Midlands,CV40 8NZ
195,Turner Turner International,Recruitment,SMB,33 Victoria Road,Birmingham,West Midlands,B83 8CR
196,Clarke Thomas UK,Recruitment,SMB,47 Commerce Way,Milton Keynes,Buckinghamshire,MK17 1PT
197,Academy of Glasgow,Education,Public Sector,43 Mill Lane,Newcastle,Tyne and Wear,NE42 6ZH
198,Green Davies Partners,Recruitment,SMB,163 Market Street,Bristol,Avon,BS36 5EX
199,Davies Moore and Co,Media & Entertainment,Enterprise,152 The Green,Edinburgh,Scotland,EH20 6FY
200,Jones Davies Ltd,Healthcare,SMB,68 Business Park,Milton Keynes,Buckinghamshire,MK27 1VP
201,Lee Green and Co,Real Estate,Enterprise,124 Church Road,Newcastle,Tyne and Wear,NE88 8NK
202,Brown Roberts Holdings,Healthcare,Public Sector,124 Kings Road,Reading,Berkshire,RG27 3LW
203,Lewis Clarke Services,Construction,Enterprise,195 Victoria Road,Glasgow,Scotland,G66 6UD
204,Hill Evans Partners,Manufacturing,SMB,64 Mill Lane,Cambridge,Cambridgeshire,CB13 7BK
205,Liverpool Borough Council,Local Government,Public Sector,148 Innovation Drive,Nottingham,Nottinghamshire,NG41 8GF
206,Hill Morris Partners,Insurance,Enterprise,6 Station Road,Oxford,Oxfordshire,OX51 4TR
207,Harrison Clarke Ltd,Technology,SMB,73 Kings Road,Manchester,Greater Manchester,M77 8XY
208,Lee Smith PLC,Professional Services,Enterprise,35 Technology Park,Reading,Berkshire,RG34 6MN
209,Wood Brown International,Healthcare,SMB,50 Victoria Road,Southampton,Hampshire,SO71 7KC
210,Cooper King Partners,Insurance,Enterprise,175 The Green,Coventry,West Midlands,CV16 7ED
211,Harris Tech Partners,Telecommunications,Partner,51 The Green,Glasgow,Scotland,G66 1NT
212,Williams Thomas LLP,Healthcare,SMB,122 Market Street,Nottingham,Nottinghamshire,NG59 9EW
213,College of Coventry,Education,Enterprise,42 Queens Road,Nottingham,Nottinghamshire,NG79 6KV
214,Moore Lee Holdings,Insurance,Enterprise,77 Kings Road,Milton Keynes,Buckinghamshire,MK3 2ML
215,Milton Keynes City Council,Local Government,Public Sector,153 Kings Road,London,Greater London,EC34 4XV
216,Harrison Ward Group,Healthcare,Enterprise,162 Innovation Drive,Brighton,East Sussex,BN80 4NE
217,Baker Evans Solutions,Healthcare,SMB,113 Victoria Road,London,Greater London,EC54 4EP
218,Brighton County Council,Local Government,Public Sector,181 Mill Lane,Manchester,Greater Manchester,M67 6GU
219,Clark Jackson Associates,Real Estate,SMB,118 Technology Park,Edinburgh,Scotland,EH69 6LU
220,Ward Wright Solutions,Manufacturing,Enterprise,143 Park Lane,Sheffield,South Yorkshire,S29 4KK
221,Lewis Ward Associates,Real Estate,Enterprise,185 Park Lane,Southampton,Hampshire,SO37 9DV
222,Wood IT Solutions Ltd,IT Reseller,Partner,11 Park Lane,Newcastle,Tyne and Wear,NE92 8CM
223,Ward Robinson Solutions,Manufacturing,Enterprise,70 Technology Park,Southampton,Hampshire,SO72 3ZJ
224,Harrison White Solutions,Financial Services,Enterprise,172 Technology Park,Manchester,Greater Manchester,M68 4HX
225,Wilson Turner Associates,Healthcare,Enterprise,26 Business Park,Oxford,Oxfordshire,OX99 9EA
226,Turner Ward Holdings,Retail,Enterprise,194 Park Lane,Bristol,Avon,BS42 1KX
227,Baker Thompson UK,Financial Services,SMB,45 Queens Road,Manchester,Greater Manchester,M23 8BN
228,Green Williams Ltd,Hospitality,SMB,146 The Green,Newcastle,Tyne and Wear,NE14 8LK
229,Clark Morris Group,Media & Entertainment,Enterprise,120 Park Lane,Brighton,East Sussex,BN25 3DL
230,Hughes Walker Ltd,Charity,SMB,76 The Green,Nottingham,Nottinghamshire,NG87 7GF
231,Moore Lewis PLC,Central Government,Public Sector,172 Station Road,Belfast,Northern Ireland,BT24 6ES
232,Smith Hughes Services,Manufacturing,SMB,115 Commerce Way,Liverpool,Merseyside,L35 1LK
233,Patel White Ltd,Manufacturing,Enterprise,120 Park Lane,Leeds,West Yorkshire,LS21 9NY
234,Evans Green Associates,Construction,SMB,57 Church Road,Coventry,West Midlands,CV18 8SE
235,Turner Connect Group,Telecommunications,Partner,194 Market Street,Oxford,Oxfordshire,OX86 2GH
236,Cooper Clark LLP,Recruitment,SMB,20 Technology Park,Cardiff,Wales,CF73 9DB
237,Wright Baker UK,Insurance,Enterprise,43 Victoria Road,Glasgow,Scotland,G67 4RD
238,Davies Moore Holdings,Real Estate,Enterprise,117 Mill Lane,Manchester,Greater Manchester,M66 1PR
239,Hall Jones Services,Charity,SMB,1 Innovation Drive,Sheffield,South Yorkshire,S28 1VC
240,Clarke Taylor UK,Central Government,Public Sector,18 Technology Park,Manchester,Greater Manchester,M61 7BK
241,Thomas Turner Associates,Hospitality,SMB,115 Enterprise Road,Belfast,Northern Ireland,BT49 9NC
242,Academy of Cardiff,Education,Enterprise,46 Market Street,Leeds,West Yorkshire,LS51 4TE
243,Jones Hall Holdings,Legal Services,SMB,109 Market Street,Southampton,Hampshire,SO49 8HH
244,Johnson Edwards Solutions,Transport & Logistics,Enterprise,9 Commerce Way,Leeds,West Yorkshire,LS85 1PW
245,Robinson Taylor PLC,Manufacturing,SMB,9 Kings Road,Coventry,West Midlands,CV77 1YZ
246,Williams Wood Holdings,Manufacturing,SMB,139 Church Road,Liverpool,Merseyside,L97 9BE
247,Thompson Baker Associates,Professional Services,Enterprise,154 Commerce Way,Milton Keynes,Buckinghamshire,MK87 5LH
248,Clark Thompson Services,Retail,SMB,71 High Street,Newcastle,Tyne and Wear,NE72 7VF
249,Brown Clarke and Co,Real Estate,Enterprise,135 Victoria Road,Belfast,Northern Ireland,BT90 3PP
250,Jackson Walker UK,Construction,SMB,62 Enterprise Road,Oxford,Oxfordshire,OX29 3KZ
251,Brown King Services,Charity,SMB,143 Market Street,Reading,Berkshire,RG18 5NH
252,Harris Davies Holdings,Technology,SMB,24 Market Street,Cardiff,Wales,CF93 5GB
253,Morgan Tech Ltd,IT Reseller,Partner,49 Commerce Way,Birmingham,West Midlands,B98 9VY
254,Ward Robinson Associates,Technology,SMB,4 Church Road,Newcastle,Tyne and Wear,NE25 4DS
255,Wood White UK,Technology,SMB,199 Park Lane,Nottingham,Nottinghamshire,NG49 6RU
256,Hughes Patel UK,Construction,SMB,120 Station Road,Oxford,Oxfordshire,OX93 4SL
257,Lewis Networks Ltd,Telecommunications,Partner,57 Innovation Drive,Milton Keynes,Buckinghamshire,MK19 9AJ
258,Newcastle Borough Council,Local Government,Public Sector,85 Church Road,Bristol,Avon,BS49 8VH
259,Hughes Morris LLP,Transport & Logistics,SMB,118 Mill Lane,Oxford,Oxfordshire,OX94 3MF
260,Morris Walker UK,Media & Entertainment,Enterprise,135 High Street,Manchester,Greater Manchester,M10 1YB
261,Glasgow Borough Council,Local Government,Public Sector,182 Mill Lane,Birmingham,West Midlands,B2 8GT
262,Brown Tech Group,Telecommunications,Partner,124 Business Park,Coventry,West Midlands,CV63 9AA
263,London Council,Local Government,Public Sector,185 Park Lane,Brighton,East Sussex,BN69 9KA
264,Walker Wilson PLC,Central Government,Public Sector,39 Church Road,Brighton,East Sussex,BN25 5WT
265,Edwards Wood PLC,Transport & Logistics,Enterprise,104 Kings Road,Cardiff,Wales,CF73 4HZ
266,Davies Williams PLC,Construction,SMB,98 Queens Road,Belfast,Northern Ireland,BT71 1SB
267,Davies Morris Services,Retail,Enterprise,145 Enterprise Road,Nottingham,Nottinghamshire,NG13 4TB
268,Baker Ward Partners,Technology,SMB,20 Business Park,Manchester,Greater Manchester,M36 1UV
269,Lewis Jones Solutions,Hospitality,SMB,37 Commerce Way,Milton Keynes,Buckinghamshire,MK92 5NC
270,Baker White International,Retail,Enterprise,174 Technology Park,Belfast,Northern Ireland,BT70 3LN
271,Moore Clarke Ltd,Financial Services,SMB,112 Church Road,Leeds,West Yorkshire,LS10 7LW
272,Jones Edwards Holdings,Construction,Enterprise,59 Victoria Road,Oxford,Oxfordshire,OX71 3NP
273,Davies Tech Partners,IT Reseller,Partner,183 Station Road,Liverpool,Merseyside,L11 7JE
274,Jackson Lewis Associates,Retail,SMB,24 High Street,Leeds,West Yorkshire,LS40 5RM
275,Thomas Davies Group,Financial Services,Enterprise,115 Market Street,Reading,Berkshire,RG72 2TP
276,Davies Clarke UK,Legal Services,Enterprise,153 The Green,Birmingham,West Midlands,B42 5NA
277,Belfast Council,Local Government,Public Sector,63 The Green,Southampton,Hampshire,SO67 7FY
278,Thomas Edwards Partners,Retail,Enterprise,127 Mill Lane,Sheffield,South Yorkshire,S9 5FP
279,Newcastle County Council,Local Government,Public Sector,93 Park Lane,Birmingham,West Midlands,B32 4XS
280,Wilson Thomas Partners,Charity,SMB,102 Victoria Road,London,Greater London,EC80 8NL
281,Martin Morgan Group,Transport & Logistics,SMB,83 The Green,Newcastle,Tyne and Wear,NE89 6GS
282,Wood Lewis Partners,Hospitality,SMB,148 Commerce Way,Oxford,Oxfordshire,OX32 5LN
283,Patel Communications Group,MSP,Partner,152 Market Street,Bristol,Avon,BS24 1YU
284,Robinson Cooper Partners,Charity,SMB,105 Business Park,Birmingham,West Midlands,B64 5EX
285,Hughes Johnson LLP,Manufacturing,SMB,97 Station Road,Reading,Berkshire,RG58 7WS
286,Moore Turner UK,Media & Entertainment,Enterprise,93 Innovation Drive,Manchester,Greater Manchester,M69 2WX
287,White Clarke Group,Financial Services,Enterprise,12 The Green,Coventry,West Midlands,CV83 7YX
288,Martin Wilson Ltd,Transport & Logistics,SMB,67 Church Road,Leeds,West Yorkshire,LS66 4TU
289,County Hospital NHS Trust,NHS Trust,Public Sector,119 Commerce Way,Belfast,Northern Ireland,BT87 9VZ
290,Clarke Jones Holdings,Retail,SMB,76 Queens Road,Leeds,West Yorkshire,LS11 6DE
291,Harris Hill Solutions,Construction,SMB,124 Victoria Road,Brighton,East Sussex,BN61 8DR
292,Taylor Hall Ltd,Construction,Enterprise,6 Enterprise Road,Leeds,West Yorkshire,LS44 3XD
293,Clark Walker UK,Manufacturing,SMB,85 Market Street,Edinburgh,Scotland,EH55 7RH
294,Walker Martin Services,Hospitality,SMB,189 The Green,London,Greater London,EC26 7RV
295,Smith Connect Ltd,IT Reseller,Partner,72 Commerce Way,Bristol,Avon,BS91 2CV
296,Walker Patel Associates,Media & Entertainment,Enterprise,118 Station Road,Bristol,Avon,BS34 9YS
297,Morgan Jackson International,Construction,Enterprise,151 Station Road,Belfast,Northern Ireland,BT45 3MR
298,Harrison Davies and Co,Construction,SMB,81 Station Road,Glasgow,Scotland,G31 3KD
299,Johnson Tech Partners,Telecommunications,Partner,153 Mill Lane,Reading,Berkshire,RG74 3NP
300,Lee Walker UK,Real Estate,Enterprise,126 Park Lane,Edinburgh,Scotland,EH18 8FL
301,Clarke Smith Holdings,Healthcare,Enterprise,50 Enterprise Road,Glasgow,Scotland,G50 8UT
302,Oxford County Council,Local Government,Public Sector,126 Mill Lane,Cambridge,Cambridgeshire,CB11 4VA
303,Williams Edwards Solutions,Professional Services,Enterprise,74 Mill Lane,Southampton,Hampshire,SO59 9VS
304,Evans Baker PLC,Insurance,Enterprise,199 Market Street,Sheffield,South Yorkshire,S47 8UB
305,Robinson Martin PLC,Media & Entertainment,Enterprise,77 Enterprise Road,Liverpool,Merseyside,L5 6RJ
306,Cooper Evans Solutions,Financial Services,SMB,189 The Green,Bristol,Avon,BS89 7MZ
307,Thomas Robinson Solutions,Retail,Enterprise,146 Victoria Road,Manchester,Greater Manchester,M69 9JW
308,Lewis Green Partners,Retail,Enterprise,69 Enterprise Road,Milton Keynes,Buckinghamshire,MK66 3YD
309,Manchester City Council,Local Government,Public Sector,180 Enterprise Road,Glasgow,Scotland,G17 6HE
310,Wood Morris Group,Manufacturing,SMB,162 Park Lane,Milton Keynes,Buckinghamshire,MK81 8PN
311,Davies Wood UK,Healthcare,Public Sector,178 Technology Park,Sheffield,South Yorkshire,S48 6RS
312,Davies Hill and Co,Legal Services,SMB,17 Commerce Way,Cardiff,Wales,CF69 7NG
313,Morris Edwards Associates,Technology,SMB,87 Market Street,Newcastle,Tyne and Wear,NE74 8EV
314,Brown Williams PLC,Transport & Logistics,SMB,5 Station Road,Cambridge,Cambridgeshire,CB21 1RR
315,Wright Thomas and Co,Central Government,Public Sector,41 Enterprise Road,Newcastle,Tyne and Wear,NE36 6CX
316,Davies Patel and Co,Manufacturing,Enterprise,14 Queens Road,Edinburgh,Scotland,EH81 4KZ
317,Davies Wilson Ltd,Central Government,Public Sector,123 Station Road,Bristol,Avon,BS17 9VH
318,Royal Hospital NHS Trust,NHS Trust,Public Sector,179 Victoria Road,London,Greater London,EC16 3PZ
319,Taylor Thompson Services,Real Estate,SMB,188 Commerce Way,Birmingham,West Midlands,B14 6DL
320,Thomas Jackson Group,Construction,SMB,18 Market Street,Glasgow,Scotland,G73 3AW
321,County Hospital NHS Trust,NHS Trust,Public Sector,161 Innovation Drive,Bristol,Avon,BS20 8PW
322,Davies Wilson Group,Technology,SMB,151 Innovation Drive,Leeds,West Yorkshire,LS50 6MP
323,University of Sheffield,Education,Enterprise,64 Market Street,Birmingham,West Midlands,B77 5WW
324,Hall Robinson UK,Legal Services,Enterprise,131 Church Road,Coventry,West Midlands,CV96 1NK
325,Morris Jackson PLC,Manufacturing,SMB,128 Business Park,Liverpool,Merseyside,L77 1CT
326,Lewis Telecom Partners,Telecommunications,Partner,108 Victoria Road,Milton Keynes,Buckinghamshire,MK70 8YF
327,Jones Harrison PLC,Healthcare,Public Sector,68 Church Road,London,Greater London,EC6 9BN
328,Moore Turner Services,Professional Services,Enterprise,22 Business Park,Belfast,Northern Ireland,BT69 3UW
329,Davies Hall PLC,Professional Services,SMB,53 Commerce Way,Brighton,East Sussex,BN20 7UL
330,Hall Martin LLP,Healthcare,Public Sector,15 Church Road,Liverpool,Merseyside,L12 8PD
331,Hall Walker PLC,Healthcare,Enterprise,182 Mill Lane,London,Greater London,EC90 8AF
332,Clark Clark LLP,Transport & Logistics,Enterprise,43 Victoria Road,Sheffield,South Yorkshire,S17 1JD
333,Martin Edwards UK,Transport & Logistics,SMB,68 Innovation Drive,Birmingham,West Midlands,B74 8XC
334,Moore Patel Ltd,Charity,SMB,146 Mill Lane,Oxford,Oxfordshire,OX48 2FJ
335,University of Brighton,Education,Public Sector,12 Enterprise Road,London,Greater London,EC2 8HB
336,Jackson Telecom Ltd,Telecommunications,Partner,142 Commerce Way,Manchester,Greater Manchester,M92 4XP
337,White Turner LLP,Construction,Enterprise,70 Enterprise Road,Nottingham,Nottinghamshire,NG10 2VM
338,Brown Walker Solutions,Insurance,Enterprise,12 Queens Road,Brighton,East Sussex,BN9 5RK
339,Davies King Holdings,Construction,Enterprise,95 Church Road,London,Greater London,EC38 4VK
340,Patel Harrison Holdings,Charity,SMB,188 Technology Park,Bristol,Avon,BS70 1HE
341,London Borough Council,Local Government,Public Sector,89 Business Park,Southampton,Hampshire,SO89 1AL
342,Hall Communications Ltd,IT Reseller,Partner,61 Queens Road,Brighton,East Sussex,BN63 5BE
343,Williams Thompson UK,Financial Services,SMB,180 Technology Park,Reading,Berkshire,RG48 2RC
344,Thomas Wood PLC,Insurance,Enterprise,146 High Street,Milton Keynes,Buckinghamshire,MK56 4YE
345,Hughes Lewis Services,Professional Services,Enterprise,82 Kings Road,Nottingham,Nottinghamshire,NG35 4HC
346,Academy of Leeds,Education,Enterprise,28 Mill Lane,Glasgow,Scotland,G58 7RL
347,Academy of Cardiff,Education,Public Sector,116 Park Lane,Bristol,Avon,BS60 2JD
348,Hall Morgan Ltd,Retail,Enterprise,84 Mill Lane,Bristol,Avon,BS12 6ZH
349,Moore Communications Group,MSP,Partner,67 Enterprise Road,Newcastle,Tyne and Wear,NE23 8AN
350,Wilson Hill PLC,Manufacturing,SMB,32 High Street,Glasgow,Scotland,G8 4HE
351,Patel Connect Group,MSP,Partner,150 The Green,Birmingham,West Midlands,B34 2CA
352,Cooper Thomas PLC,Hospitality,Enterprise,32 High Street,Nottingham,Nottinghamshire,NG60 7BF
353,Morris Communications Partners,MSP,Partner,45 Victoria Road,Reading,Berkshire,RG28 5FJ
354,City Hospital NHS Trust,NHS Trust,Public Sector,158 The Green,Manchester,Greater Manchester,M79 5HX
355,Turner King Holdings,Real Estate,Enterprise,23 Park Lane,Manchester,Greater Manchester,M50 4EP
356,White Lee Ltd,Recruitment,SMB,183 Victoria Road,Belfast,Northern Ireland,BT62 6US
357,Lewis Jackson Partners,Insurance,Enterprise,7 Victoria Road,Edinburgh,Scotland,EH77 5HA
358,Ward Clark Associates,Healthcare,Enterprise,60 Mill Lane,Milton Keynes,Buckinghamshire,MK13 4HY
359,Lee Brown Solutions,Professional Services,SMB,100 Victoria Road,Milton Keynes,Buckinghamshire,MK23 6FH
360,Harrison Jones LLP,Transport & Logistics,Enterprise,146 The Green,Cardiff,Wales,CF19 8VG
361,Hall Walker Holdings,Media & Entertainment,Enterprise,24 High Street,Manchester,Greater Manchester,M30 1WH
362,Ward Smith Associates,Recruitment,SMB,52 Commerce Way,Coventry,West Midlands,CV17 3LZ
363,Brown Jones Group,Construction,Enterprise,181 Technology Park,Milton Keynes,Buckinghamshire,MK19 6DT
364,Patel Wood International,Healthcare,Public Sector,87 Park Lane,Leeds,West Yorkshire,LS42 7EF
365,Lewis Walker LLP,Real Estate,Enterprise,178 Technology Park,Southampton,Hampshire,SO79 3MH
366,Hall Connect Group,IT Reseller,Partner,33 Mill Lane,Newcastle,Tyne and Wear,NE94 7AZ
367,Walker Morgan Associates,Healthcare,SMB,57 Business Park,Coventry,West Midlands,CV73 3DS
368,Taylor White Associates,Transport & Logistics,SMB,43 Business Park,Nottingham,Nottinghamshire,NG12 6ZY
369,Royal Hospital NHS Trust,NHS Trust,Public Sector,54 Church Road,Sheffield,South Yorkshire,S89 5CM
370,Smith Brown Services,Financial Services,Enterprise,188 Queens Road,Cambridge,Cambridgeshire,CB22 7PS
371,Lee Jackson PLC,Transport & Logistics,Enterprise,148 Business Park,Oxford,Oxfordshire,OX98 3YH
372,Royal Hospital NHS Trust,NHS Trust,Public Sector,76 High Street,Manchester,Greater Manchester,M41 2JD
373,Roberts Jackson Group,Transport & Logistics,SMB,141 Technology Park,Birmingham,West Midlands,B12 8LW
374,Martin Roberts International,Legal Services,Enterprise,41 High Street,Reading,Berkshire,RG13 4LG
375,Southampton City Council,Local Government,Public Sector,77 Church Road,Newcastle,Tyne and Wear,NE13 9BN
376,Johnson Brown Associates,Real Estate,Enterprise,110 Station Road,London,Greater London,EC38 8YX
377,Wilson Jones Solutions,Hospitality,Enterprise,164 Park Lane,Edinburgh,Scotland,EH11 5SD
378,Ward Networks Group,MSP,Partner,24 Business Park,Sheffield,South Yorkshire,S70 6NF
379,Patel Telecom Partners,IT Reseller,Partner,68 Kings Road,Manchester,Greater Manchester,M60 5JH
380,Johnson Wilson PLC,Healthcare,Enterprise,139 Queens Road,Cardiff,Wales,CF97 9VH
381,Jackson Clark Services,Healthcare,Enterprise,176 Enterprise Road,Southampton,Hampshire,SO61 8VH
382,Davies Wood LLP,Construction,SMB,129 The Green,Manchester,Greater Manchester,M67 3VY
383,College of Edinburgh,Education,Public Sector,55 Commerce Way,Edinburgh,Scotland,EH25 7EB
384,Martin Wright and Co,Financial Services,SMB,153 Park Lane,Glasgow,Scotland,G41 7CC
385,King IT Solutions Partners,MSP,Partner,118 Technology Park,Brighton,East Sussex,BN2 9ZW
386,Leeds County Council,Local Government,Public Sector,38 The Green,Glasgow,Scotland,G76 2VD
387,Green Lee Associates,Financial Services,Enterprise,68 Queens Road,Reading,Berkshire,RG84 8SV
388,Walker Edwards Services,Healthcare,SMB,159 The Green,Glasgow,Scotland,G88 1ZN
389,Harris Connect Ltd,MSP,Partner,191 Kings Road,Manchester,Greater Manchester,M35 6MA
390,Hall Edwards Holdings,Construction,SMB,59 Mill Lane,Leeds,West Yorkshire,LS39 5RL
391,Coventry Council,Local Government,Public Sector,114 Church Road,Bristol,Avon,BS53 6ST
392,Moore Roberts PLC,Healthcare,Enterprise,182 Market Street,Newcastle,Tyne and Wear,NE52 1ET
393,Wright Wright Ltd,Hospitality,SMB,9 Kings Road,Liverpool,Merseyside,L7 4MZ
394,Patel Hill UK,Professional Services,SMB,163 Technology Park,Belfast,Northern Ireland,BT16 4YA
395,Morris Tech Partners,Telecommunications,Partner,122 The Green,Edinburgh,Scotland,EH71 3MM
396,Davies Green Ltd,Manufacturing,Enterprise,13 Mill Lane,Belfast,Northern Ireland,BT74 4GH
397,Edwards Turner UK,Technology,SMB,200 Commerce Way,London,Greater London,EC88 3AS
398,Morgan Smith Solutions,Hospitality,SMB,156 Commerce Way,Sheffield,South Yorkshire,S40 5ZZ
399,Jackson Clarke Holdings,Central Government,Public Sector,56 Kings Road,Sheffield,South Yorkshire,S39 7YT
400,Smith Moore and Co,Financial Services,Enterprise,144 Business Park,Cardiff,Wales,CF77 5WK
401,Ward Taylor Associates,Financial Services,Enterprise,164 Victoria Road,Sheffield,South Yorkshire,S36 5JX
402,Johnson Clark Solutions,Hospitality,Enterprise,154 Queens Road,Manchester,Greater Manchester,M85 3LY
403,Morris Green Partners,Legal Services,Enterprise,104 Queens Road,Reading,Berkshire,RG95 4BV
404,Thompson Lee and Co,Transport & Logistics,SMB,172 Victoria Road,Oxford,Oxfordshire,OX65 9KF
405,Green Wilson Holdings,Hospitality,SMB,190 Park Lane,Glasgow,Scotland,G93 6UF
406,Thompson Clarke Solutions,Financial Services,SMB,108 Commerce Way,Newcastle,Tyne and Wear,NE43 5MJ
407,Evans Ward Ltd,Charity,SMB,149 The Green,Milton Keynes,Buckinghamshire,MK10 9SG
408,Academy of Belfast,Education,Public Sector,77 Queens Road,Brighton,East Sussex,BN7 4EE
409,Turner Baker Holdings,Transport & Logistics,SMB,81 Enterprise Road,Glasgow,Scotland,G92 8FC
410,Walker Lewis and Co,Transport & Logistics,SMB,2 Kings Road,Manchester,Greater Manchester,M36 3GF
411,Davies Thomas International,Real Estate,Enterprise,163 Queens Road,Reading,Berkshire,RG52 7PS
412,Williams Lee Solutions,Legal Services,SMB,4 Technology Park,Cardiff,Wales,CF42 1TG
413,White Thompson LLP,Legal Services,SMB,80 Mill Lane,Cardiff,Wales,CF14 5NT
414,Taylor Williams Partners,Retail,Enterprise,117 Innovation Drive,Newcastle,Tyne and Wear,NE67 6WT
415,Thomas Harris Holdings,Central Government,Public Sector,193 Church Road,Cardiff,Wales,CF22 4NA
416,Thomas Robinson LLP,Technology,Enterprise,151 Market Street,London,Greater London,EC22 1DM
417,Hughes Tech Group,IT Reseller,Partner,153 High Street,Manchester,Greater Manchester,M85 1DX
418,Evans Turner Holdings,Healthcare,Enterprise,32 Market Street,Belfast,Northern Ireland,BT33 3SZ
419,Smith Hall Services,Technology,SMB,170 Market Street,Leeds,West Yorkshire,LS35 3WW
420,Leeds Council,Local Government,Public Sector,30 Commerce Way,Newcastle,Tyne and Wear,NE14 4SG
421,Clark Wright Associates,Manufacturing,Enterprise,76 Mill Lane,Reading,Berkshire,RG6 4US
422,Harris White Ltd,Real Estate,SMB,172 Station Road,London,Greater London,EC15 8VY
423,Davies Moore PLC,Retail,SMB,66 Business Park,Leeds,West Yorkshire,LS30 5RK
424,Brown Wilson Group,Charity,SMB,75 Victoria Road,Manchester,Greater Manchester,M87 2LP
425,Williams Smith Group,Financial Services,Enterprise,85 Victoria Road,Edinburgh,Scotland,EH57 2WJ
426,Harris Telecom Ltd,Telecommunications,Partner,103 Kings Road,Belfast,Northern Ireland,BT35 8NZ
427,Edinburgh Council,Local Government,Public Sector,179 Innovation Drive,Glasgow,Scotland,G8 7FD
428,Baker Cooper Group,Real Estate,SMB,98 Commerce Way,Coventry,West Midlands,CV46 3WA
429,Morris Evans Services,Real Estate,SMB,12 Station Road,Cambridge,Cambridgeshire,CB34 1XL
430,Baker Baker Solutions,Recruitment,SMB,133 Market Street,Nottingham,Nottinghamshire,NG89 2ZW
431,White Ward Associates,Central Government,Public Sector,39 Enterprise Road,Belfast,Northern Ireland,BT72 1WB
432,Moore Ward Holdings,Retail,Enterprise,20 Commerce Way,Edinburgh,Scotland,EH63 6LH
433,Brown Moore Solutions,Professional Services,SMB,165 Queens Road,Southampton,Hampshire,SO52 8HC
434,University Hospital NHS Trust,NHS Trust,Public Sector,115 Station Road,Milton Keynes,Buckinghamshire,MK64 2RL
435,Jones Wilson Services,Real Estate,Enterprise,10 Market Street,Reading,Berkshire,RG71 5AC
436,King Robinson and Co,Insurance,Enterprise,88 Victoria Road,Cambridge,Cambridgeshire,CB7 6HR
437,Patel Cooper PLC,Real Estate,SMB,195 Business Park,Leeds,West Yorkshire,LS29 6AL
438,King Clark Associates,Professional Services,Enterprise,12 Technology Park,Leeds,West Yorkshire,LS22 7SE
439,Hughes Wright Solutions,Financial Services,Enterprise,101 Church Road,Leeds,West Yorkshire,LS59 6GZ
440,Turner Williams and Co,Financial Services,Enterprise,32 Commerce Way,Milton Keynes,Buckinghamshire,MK58 9RY
441,College of London,Education,Enterprise,189 High Street,Brighton,East Sussex,BN71 8PV
442,Walker Harrison Group,Insurance,Enterprise,27 Queens Road,Glasgow,Scotland,G85 6WW
443,Jackson Turner International,Insurance,Enterprise,71 Queens Road,Liverpool,Merseyside,L44 3KR
444,College of Coventry,Education,Enterprise,77 Enterprise Road,Brighton,East Sussex,BN90 9UL
445,Wright Robinson International,Technology,SMB,176 Victoria Road,Newcastle,Tyne and Wear,NE87 3EZ
446,Lee Lewis LLP,Insurance,Enterprise,195 Victoria Road,Leeds,West Yorkshire,LS72 7SV
447,Green Martin Ltd,Media & Entertainment,Enterprise,28 High Street,Brighton,East Sussex,BN49 1EB
448,Edwards Roberts Partners,Hospitality,Enterprise,38 Enterprise Road,Sheffield,South Yorkshire,S8 4ZK
449,Williams Clarke Holdings,Media & Entertainment,Enterprise,158 Enterprise Road,Leeds,West Yorkshire,LS87 9UH
450,White Tech Group,IT Reseller,Partner,178 Business Park,Newcastle,Tyne and Wear,NE7 7NN
451,King Brown Ltd,Construction,Enterprise,52 The Green,Sheffield,South Yorkshire,S57 6HX
452,Morgan Wright LLP,Media & Entertainment,Enterprise,76 Kings Road,Bristol,Avon,BS23 3YC
453,Moore Evans Services,Hospitality,SMB,110 Park Lane,Manchester,Greater Manchester,M72 3JE
454,Smith Harris Holdings,Manufacturing,Enterprise,11 Mill Lane,Glasgow,Scotland,G42 5WB
455,Baker King Associates,Real Estate,Enterprise,182 Victoria Road,Birmingham,West Midlands,B68 9HF
456,Moore Roberts Services,Healthcare,Public Sector,138 Queens Road,Southampton,Hampshire,SO12 4MH
457,Harris Patel Partners,Transport & Logistics,SMB,193 The Green,Bristol,Avon,BS68 1SU
458,Academy of Cardiff,Education,Public Sector,62 Technology Park,Cambridge,Cambridgeshire,CB83 4WW
459,Lewis Jackson PLC,Healthcare,SMB,66 Market Street,Belfast,Northern Ireland,BT93 9KA
460,Moore Tech Partners,Telecommunications,Partner,12 Park Lane,Oxford,Oxfordshire,OX84 9GL
461,Wilson Roberts UK,Financial Services,SMB,2 Business Park,Southampton,Hampshire,SO9 4GY
462,Wilson Robinson UK,Central Government,Public Sector,166 Enterprise Road,Reading,Berkshire,RG10 1YE
463,Harris Williams PLC,Charity,SMB,14 Mill Lane,Birmingham,West Midlands,B33 4UC
464,Turner Jackson Holdings,Manufacturing,Enterprise,111 Victoria Road,Belfast,Northern Ireland,BT3 2NY
465,Smith Taylor LLP,Media & Entertainment,Enterprise,12 Innovation Drive,Milton Keynes,Buckinghamshire,MK10 2MT
466,Hall Morgan PLC,Professional Services,Enterprise,196 Technology Park,Newcastle,Tyne and Wear,NE57 1NN
467,Roberts Lee Solutions,Real Estate,SMB,192 Queens Road,Glasgow,Scotland,G70 3KX
468,Patel Smith UK,Construction,SMB,37 Station Road,Southampton,Hampshire,SO6 7AV
469,King Davies Partners,Media & Entertainment,Enterprise,192 Innovation Drive,Bristol,Avon,BS93 7MG
470,Johnson Roberts Group,Insurance,Enterprise,158 Enterprise Road,Liverpool,Merseyside,L33 3GD
471,King Hill and Co,Healthcare,Enterprise,19 Park Lane,Southampton,Hampshire,SO86 2CJ
472,Harrison Morris Associates,Hospitality,Enterprise,33 Business Park,Cardiff,Wales,CF84 5HD
473,Wright Lewis Holdings,Healthcare,Public Sector,85 The Green,Cambridge,Cambridgeshire,CB85 3KZ
474,Lewis Networks Ltd,Telecommunications,Partner,81 Church Road,London,Greater London,EC29 7ZX
475,Patel Thomas and Co,Professional Services,SMB,123 Kings Road,Nottingham,Nottinghamshire,NG58 8MK
476,Walker Morgan PLC,Financial Services,Enterprise,36 Technology Park,Sheffield,South Yorkshire,S69 2GJ
477,Jones Moore and Co,Healthcare,Public Sector,149 The Green,London,Greater London,EC52 1VG
478,Lee Lee Holdings,Manufacturing,Enterprise,94 Queens Road,Glasgow,Scotland,G29 3VK
479,Moore Moore PLC,Charity,SMB,94 Market Street,Belfast,Northern Ireland,BT2 3YH
480,Thomas Cooper Group,Insurance,Enterprise,145 The Green,Edinburgh,Scotland,EH85 6ES
481,Thompson Morris Solutions,Healthcare,SMB,68 Victoria Road,Birmingham,West Midlands,B30 4BY
482,Patel Jackson Holdings,Recruitment,SMB,12 High Street,Cambridge,Cambridgeshire,CB84 9LD
483,Hughes Harrison UK,Professional Services,SMB,45 Queens Road,Milton Keynes,Buckinghamshire,MK84 2NM
484,Hughes Jackson Solutions,Recruitment,SMB,104 Victoria Road,Brighton,East Sussex,BN45 1SS
485,Thomas Cooper Group,Insurance,Enterprise,20 Market Street,Liverpool,Merseyside,L83 3JG
486,Roberts Patel International,Hospitality,SMB,170 Church Road,Leeds,West Yorkshire,LS54 8LD
487,Ward Robinson International,Real Estate,SMB,166 Enterprise Road,Edinburgh,Scotland,EH53 1AH
488,Academy of Milton Keynes,Education,Enterprise,35 Business Park,Edinburgh,Scotland,EH66 3BV
489,Roberts Hughes Group,Healthcare,Enterprise,104 The Green,Brighton,East Sussex,BN73 5XA
490,Robinson Cooper International,Financial Services,SMB,124 Mill Lane,Oxford,Oxfordshire,OX29 3PW
491,Moore Hughes Group,Hospitality,SMB,117 The Green,Nottingham,Nottinghamshire,NG76 7CH
492,Thomas Communications Ltd,IT Reseller,Partner,134 Enterprise Road,Bristol,Avon,BS65 3YP
493,Walker Ward International,Financial Services,Enterprise,10 Technology Park,Coventry,West Midlands,CV69 2TD
494,Thomas Morgan UK,Real Estate,SMB,199 Business Park,London,Greater London,EC84 7PT
495,Williams Connect Group,Telecommunications,Partner,59 Commerce Way,Reading,Berkshire,RG62 2NM
496,Thomas Hughes Holdings,Central Government,Public Sector,22 Park Lane,Liverpool,Merseyside,L77 5UP
497,Smith Smith International,Hospitality,Enterprise,31 Market Street,Brighton,East Sussex,BN1 4NX
498,Turner Patel PLC,Construction,Enterprise,110 Business Park,Glasgow,Scotland,G75 9JJ
499,Baker Patel International,Central Government,Public Sector,175 Queens Road,Sheffield,South Yorkshire,S97 9GP
500,Walker Patel UK,Real Estate,SMB,124 Park Lane,Southampton,Hampshire,SO40 7VM
501,Academy of Leeds,Education,Enterprise,115 Commerce Way,Liverpool,Merseyside,L90 4FD
502,Wood Harris UK,Insurance,Enterprise,179 Business Park,Coventry,West Midlands,CV91 7BF
503,Davies Johnson Holdings,Legal Services,SMB,112 Station Road,Coventry,West Midlands,CV9 6JH
504,Morgan Williams LLP,Financial Services,SMB,103 The Green,Belfast,Northern Ireland,BT84 1TK
505,Morris Cooper Ltd,Hospitality,SMB,169 Technology Park,Bristol,Avon,BS67 1KG
506,Clark Thompson International,Insurance,Enterprise,173 High Street,Edinburgh,Scotland,EH47 1HX
507,Davies Edwards Services,Retail,Enterprise,172 Queens Road,Cardiff,Wales,CF52 9VG
508,Taylor Davies UK,Legal Services,SMB,186 Enterprise Road,Newcastle,Tyne and Wear,NE72 6VM
509,Thompson Morgan Solutions,Professional Services,SMB,104 The Green,Cambridge,Cambridgeshire,CB1 7JF
510,Wilson King PLC,Insurance,Enterprise,76 Victoria Road,Brighton,East Sussex,BN15 9TJ
511,Cooper Jackson International,Manufacturing,Enterprise,198 Church Road,Oxford,Oxfordshire,OX97 8LR
512,Ward Evans Partners,Legal Services,Enterprise,98 Business Park,Birmingham,West Midlands,B29 4YZ
513,Turner Clarke UK,Construction,Enterprise,3 Innovation Drive,Southampton,Hampshire,SO34 2HK
514,Harris Communications Group,MSP,Partner,122 Victoria Road,Edinburgh,Scotland,EH46 5GV
515,Wright Morris LLP,Hospitality,SMB,61 Innovation Drive,Bristol,Avon,BS31 4JG
516,White Clarke Group,Hospitality,Enterprise,31 Technology Park,Leeds,West Yorkshire,LS11 8YY
517,Lee Williams Holdings,Legal Services,SMB,159 Victoria Road,Cardiff,Wales,CF64 8VJ
518,Moore Edwards Services,Hospitality,SMB,193 The Green,Liverpool,Merseyside,L17 7BT
519,Lee Williams UK,Real Estate,SMB,101 Enterprise Road,Cardiff,Wales,CF88 2FR
520,Hill Lewis LLP,Recruitment,SMB,4 Business Park,London,Greater London,EC27 2NV
521,Patel Hughes Group,Construction,Enterprise,68 Church Road,Southampton,Hampshire,SO35 6SW
522,Walker Networks Partners,Telecommunications,Partner,108 Innovation Drive,Bristol,Avon,BS97 7MM
523,Cooper Walker International,Professional Services,SMB,148 Business Park,Glasgow,Scotland,G30 4DJ
524,Jackson Wright Group,Central Government,Public Sector,122 Commerce Way,Glasgow,Scotland,G2 8FP
525,Academy of Brighton,Education,Enterprise,185 Victoria Road,Southampton,Hampshire,SO63 9KJ
526,Wood Wilson LLP,Healthcare,Enterprise,16 Church Road,Edinburgh,Scotland,EH33 2SX
527,Kings Hospital NHS Trust,NHS Trust,Public Sector,67 Victoria Road,Nottingham,Nottinghamshire,NG47 5UU
528,Jones Turner PLC,Transport & Logistics,Enterprise,174 The Green,Cardiff,Wales,CF26 9VV
529,Green Clarke Associates,Hospitality,SMB,125 Commerce Way,Brighton,East Sussex,BN95 7RC
530,Hill Johnson Group,Professional Services,Enterprise,108 Business Park,Nottingham,Nottinghamshire,NG79 2VN
531,Roberts Harris Solutions,Financial Services,SMB,82 Business Park,Nottingham,Nottinghamshire,NG38 7ZJ
532,Cooper Patel LLP,Professional Services,SMB,134 Kings Road,Milton Keynes,Buckinghamshire,MK53 1FF
533,Academy of Liverpool,Education,Enterprise,191 Innovation Drive,Sheffield,South Yorkshire,S96 3CG
534,Wilson Communications Ltd,MSP,Partner,141 High Street,Oxford,Oxfordshire,OX4 2NT
535,Hughes Johnson PLC,Financial Services,Enterprise,80 Church Road,Belfast,Northern Ireland,BT32 3KR
536,Academy of Edinburgh,Education,Enterprise,9 Business Park,London,Greater London,EC46 8LS
537,Edwards King Holdings,Media & Entertainment,Enterprise,179 Market Street,Glasgow,Scotland,G23 8VW
538,Clark Lee Partners,Central Government,Public Sector,124 Market Street,Cardiff,Wales,CF30 5CR
539,Turner IT Solutions Ltd,Telecommunications,Partner,3 High Street,Newcastle,Tyne and Wear,NE67 5EM
540,Lee Smith LLP,Real Estate,SMB,194 Kings Road,Oxford,Oxfordshire,OX39 5AP
541,Smith King Associates,Technology,Enterprise,106 Technology Park,Bristol,Avon,BS72 4PN
542,Jackson Jackson Solutions,Retail,Enterprise,21 Queens Road,Sheffield,South Yorkshire,S81 5HT
543,Lee Edwards Services,Professional Services,Enterprise,18 Mill Lane,Bristol,Avon,BS18 8KD
544,County Hospital NHS Trust,NHS Trust,Public Sector,126 Church Road,Coventry,West Midlands,CV42 1AE
545,Jones Walker PLC,Media & Entertainment,Enterprise,69 Mill Lane,Newcastle,Tyne and Wear,NE92 4RA
546,Johnson Smith Holdings,Financial Services,SMB,88 Queens Road,Bristol,Avon,BS40 8SM
547,Harris Davies Group,Healthcare,SMB,69 Commerce Way,Manchester,Greater Manchester,M51 8CU
548,Wright Hughes Services,Hospitality,SMB,32 Commerce Way,London,Greater London,EC92 8HN
549,Williams Wright Holdings,Manufacturing,SMB,134 Business Park,Leeds,West Yorkshire,LS27 5SN
550,Roberts Williams LLP,Construction,Enterprise,134 Station Road,Southampton,Hampshire,SO33 5SX
551,Patel Brown and Co,Hospitality,Enterprise,29 Church Road,Bristol,Avon,BS82 1PL
552,Edwards Harrison PLC,Retail,Enterprise,63 High Street,Belfast,Northern Ireland,BT6 8VZ
553,Patel Davies Solutions,Retail,SMB,128 Station Road,Edinburgh,Scotland,EH88 1WL
554,Clarke Johnson LLP,Healthcare,Enterprise,28 Mill Lane,Southampton,Hampshire,SO63 9HL
555,Cooper Wright Ltd,Transport & Logistics,Enterprise,92 Innovation Drive,Belfast,Northern Ireland,BT18 8JB
556,Queen Elizabeth Hospital NHS Trust,NHS Trust,Public Sector,139 Innovation Drive,Newcastle,Tyne and Wear,NE63 3GV
557,Clarke Lewis LLP,Media & Entertainment,Enterprise,71 Enterprise Road,Cambridge,Cambridgeshire,CB77 2UF
558,Johnson Cooper Partners,Recruitment,SMB,139 Victoria Road,Sheffield,South Yorkshire,S59 9AX
559,Walker Communications Group,IT Reseller,Partner,199 The Green,Cardiff,Wales,CF31 9LC
560,Wright Tech Group,IT Reseller,Partner,197 Market Street,Oxford,Oxfordshire,OX20 6WK
561,Nottingham Council,Local Government,Public Sector,134 Business Park,Leeds,West Yorkshire,LS9 3BE
562,Wright Wilson Holdings,Healthcare,SMB,26 High Street,Bristol,Avon,BS74 8XN
563,Harrison Hughes Ltd,Recruitment,SMB,57 The Green,Cardiff,Wales,CF92 4CA
564,Davies Hill and Co,Real Estate,Enterprise,93 Market Street,Manchester,Greater Manchester,M96 1PM
565,Clark Williams LLP,Professional Services,SMB,78 Station Road,Birmingham,West Midlands,B28 2TD
566,Lee Jackson Solutions,Technology,Enterprise,135 Business Park,Bristol,Avon,BS32 3VX
567,Leeds City Council,Local Government,Public Sector,180 Business Park,Cambridge,Cambridgeshire,CB55 3DF
568,Moore IT Solutions Group,MSP,Partner,137 The Green,Edinburgh,Scotland,EH57 9ML
569,Patel Turner and Co,Construction,Enterprise,186 Victoria Road,Reading,Berkshire,RG78 9HV
570,Jackson King LLP,Technology,SMB,93 Kings Road,Sheffield,South Yorkshire,S58 1NA
571,Morgan Jones UK,Professional Services,Enterprise,78 High Street,Glasgow,Scotland,G39 6HG
572,Edwards King UK,Legal Services,Enterprise,147 Technology Park,Southampton,Hampshire,SO74 1ED
573,Clarke Johnson Group,Charity,SMB,94 Technology Park,Sheffield,South Yorkshire,S75 5HH
574,Davies Baker Services,Construction,SMB,56 Innovation Drive,Milton Keynes,Buckinghamshire,MK10 3LS
575,Baker Wilson International,Real Estate,Enterprise,10 Innovation Drive,Newcastle,Tyne and Wear,NE74 1NC
576,Clarke Martin Services,Transport & Logistics,SMB,198 Church Road,Leeds,West Yorkshire,LS96 1XW
577,Brown IT Solutions Group,IT Reseller,Partner,82 Market Street,Manchester,Greater Manchester,M73 9EL
578,Johnson Brown and Co,Technology,Enterprise,115 Commerce Way,Belfast,Northern Ireland,BT77 2VT
579,Martin Green Services,Technology,Enterprise,34 Victoria Road,Glasgow,Scotland,G11 1SV
580,Hughes Communications Partners,MSP,Partner,112 Commerce Way,Brighton,East Sussex,BN90 8EE
581,Morris Wood and Co,Hospitality,Enterprise,51 Market Street,Milton Keynes,Buckinghamshire,MK79 4TH
582,Edwards Martin Associates,Healthcare,Public Sector,23 Station Road,Milton Keynes,Buckinghamshire,MK86 6PP
583,Wright Lewis Associates,Transport & Logistics,Enterprise,168 High Street,Coventry,West Midlands,CV99 6KF
584,Queen Elizabeth Hospital NHS Trust,NHS Trust,Public Sector,113 High Street,Glasgow,Scotland,G30 6GY
585,Davies Evans LLP,Retail,SMB,63 The Green,Manchester,Greater Manchester,M19 6KA
586,College of Cambridge,Education,Public Sector,6 Victoria Road,Oxford,Oxfordshire,OX27 4UG
587,Clark Hughes UK,Media & Entertainment,Enterprise,160 Innovation Drive,Oxford,Oxfordshire,OX19 1ZZ
588,Harrison Connect Group,IT Reseller,Partner,66 Mill Lane,Manchester,Greater Manchester,M8 5KG
589,Hill Smith PLC,Healthcare,Enterprise,170 Park Lane,Belfast,Northern Ireland,BT85 2YM
590,Green Jackson Solutions,Legal Services,Enterprise,131 Innovation Drive,Belfast,Northern Ireland,BT13 9LS
591,Walker Wright UK,Financial Services,SMB,144 Technology Park,Cambridge,Cambridgeshire,CB92 4AB
592,Hall Harris Holdings,Recruitment,SMB,191 Mill Lane,Belfast,Northern Ireland,BT3 6MY
593,Hall White UK,Transport & Logistics,Enterprise,16 Business Park,Sheffield,South Yorkshire,S33 9NA
594,Thompson Johnson Associates,Professional Services,SMB,169 Mill Lane,Belfast,Northern Ireland,BT12 4NT
595,Liverpool Borough Council,Local Government,Public Sector,80 Technology Park,Reading,Berkshire,RG78 9LR
596,University of Glasgow,Education,Enterprise,139 Business Park,Milton Keynes,Buckinghamshire,MK26 9EK
597,College of Glasgow,Education,Enterprise,41 Victoria Road,Milton Keynes,Buckinghamshire,MK9 2UU
598,Lewis Johnson LLP,Hospitality,SMB,196 Victoria Road,London,Greater London,EC53 8PK
599,Johnson Wright PLC,Professional Services,SMB,48 High Street,Glasgow,Scotland,G98 5WW
600,Morgan Thompson Solutions,Technology,Enterprise,92 Station Road,London,Greater London,EC89 9SE
601,Patel Walker Services,Real Estate,SMB,122 Mill Lane,Oxford,Oxfordshire,OX21 1GH
602,London City Council,Local Government,Public Sector,57 Innovation Drive,Reading,Berkshire,RG86 2GG
603,Cooper Morris LLP,Hospitality,SMB,118 Technology Park,Nottingham,Nottinghamshire,NG32 1PN
604,Lewis Networks Group,IT Reseller,Partner,153 Market Street,Milton Keynes,Buckinghamshire,MK68 1XZ
605,Wilson Cooper Holdings,Recruitment,SMB,63 Market Street,Manchester,Greater Manchester,M69 9NB
606,Clark Connect Ltd,IT Reseller,Partner,75 Kings Road,Bristol,Avon,BS51 8KK
607,Martin Green International,Retail,Enterprise,177 Market Street,Manchester,Greater Manchester,M19 8RX
608,Moore Evans Group,Financial Services,SMB,179 Market Street,Milton Keynes,Buckinghamshire,MK18 6NP
609,Royal Hospital NHS Trust,NHS Trust,Public Sector,117 The Green,Edinburgh,Scotland,EH92 2GR
610,Lewis Roberts LLP,Manufacturing,Enterprise,24 Station Road,Leeds,West Yorkshire,LS91 6RX
611,Clark Jackson LLP,Financial Services,SMB,157 Mill Lane,Brighton,East Sussex,BN49 1UN
612,Harris Baker and Co,Retail,Enterprise,42 Enterprise Road,Glasgow,Scotland,G19 1FZ
613,Newcastle City Council,Local Government,Public Sector,74 Business Park,Cambridge,Cambridgeshire,CB24 4DE
614,Hughes Smith Holdings,Legal Services,SMB,128 Market Street,Oxford,Oxfordshire,OX1 4WS
615,Harrison Ward Holdings,Technology,SMB,114 Station Road,Reading,Berkshire,RG77 4WA
616,King Robinson Ltd,Professional Services,SMB,38 High Street,Edinburgh,Scotland,EH84 3MB
617,Baker Morgan Partners,Healthcare,SMB,23 High Street,Nottingham,Nottinghamshire,NG14 3PF
618,Morgan Baker UK,Professional Services,Enterprise,117 Innovation Drive,Edinburgh,Scotland,EH75 2MB
619,Lewis Patel Services,Construction,SMB,195 Queens Road,Birmingham,West Midlands,B71 8CK
620,University of Sheffield,Education,Enterprise,135 Queens Road,Nottingham,Nottinghamshire,NG68 4GZ
621,Wilson Baker LLP,Healthcare,Enterprise,23 Kings Road,Brighton,East Sussex,BN93 5ZW
622,Morgan Lewis Partners,Central Government,Public Sector,148 The Green,Brighton,East Sussex,BN46 8EW
623,Morris Morris Group,Recruitment,SMB,60 Innovation Drive,Coventry,West Midlands,CV38 2GA
624,Hill Evans LLP,Legal Services,Enterprise,158 Queens Road,Bristol,Avon,BS53 6BL
625,Smith Wright LLP,Technology,SMB,66 Commerce Way,Newcastle,Tyne and Wear,NE9 9KK
626,Smith Evans and Co,Construction,Enterprise,88 Queens Road,Nottingham,Nottinghamshire,NG93 1VW
627,Wright Harris Associates,Hospitality,SMB,122 Commerce Way,Oxford,Oxfordshire,OX5 8XE
628,Hill Lee Associates,Retail,SMB,106 Technology Park,Cambridge,Cambridgeshire,CB96 5BT
629,King Lee Ltd,Construction,Enterprise,148 Business Park,Bristol,Avon,BS43 3MC
630,Jones Harris Services,Professional Services,SMB,43 The Green,Southampton,Hampshire,SO78 2NF
631,Lewis Williams Partners,Construction,SMB,23 Kings Road,Reading,Berkshire,RG31 5MR
632,Clark Hall Group,Technology,SMB,96 Commerce Way,Leeds,West Yorkshire,LS5 8GC
633,Jones Ward UK,Insurance,Enterprise,49 Victoria Road,Glasgow,Scotland,G62 6TK
634,Wilson Clark and Co,Retail,SMB,53 Innovation Drive,Glasgow,Scotland,G5 9RN
635,University of Newcastle,Education,Public Sector,176 Enterprise Road,Manchester,Greater Manchester,M77 8CL
636,Wilson Clark and Co,Healthcare,SMB,6 The Green,Newcastle,Tyne and Wear,NE98 4KX
637,Wright Wright Partners,Construction,Enterprise,137 Victoria Road,Sheffield,South Yorkshire,S99 2RY
638,Johnson Roberts Partners,Professional Services,SMB,4 The Green,Leeds,West Yorkshire,LS72 4TD
639,Clarke King Associates,Media & Entertainment,Enterprise,37 Innovation Drive,Sheffield,South Yorkshire,S37 3VH
640,Hall Harris UK,Healthcare,Public Sector,13 Mill Lane,Cambridge,Cambridgeshire,CB4 1SY
641,Jackson Brown PLC,Financial Services,Enterprise,101 Mill Lane,Reading,Berkshire,RG91 8WV
642,Hall Harris Solutions,Transport & Logistics,Enterprise,21 Technology Park,Southampton,Hampshire,SO97 3RV
643,Hill Wilson Holdings,Financial Services,SMB,176 Business Park,Newcastle,Tyne and Wear,NE91 4RS
644,Johnson Hughes Associates,Technology,Enterprise,47 Innovation Drive,Belfast,Northern Ireland,BT86 8LL
645,Jones Taylor Holdings,Real Estate,Enterprise,90 Kings Road,Leeds,West Yorkshire,LS60 6FK
646,Academy of Leeds,Education,Enterprise,183 Commerce Way,Belfast,Northern Ireland,BT14 2LU
647,Lee Hill Services,Construction,SMB,106 Church Road,Milton Keynes,Buckinghamshire,MK80 3HU
648,Jackson Taylor Associates,Real Estate,SMB,178 The Green,Bristol,Avon,BS56 6PV
649,White Walker and Co,Media & Entertainment,Enterprise,190 Technology Park,Birmingham,West Midlands,B92 2VS
650,Lewis King PLC,Charity,SMB,46 Park Lane,Cambridge,Cambridgeshire,CB52 2CW
651,Lewis Networks Group,IT Reseller,Partner,24 Church Road,Manchester,Greater Manchester,M18 1VX
652,Johnson Cooper UK,Retail,SMB,100 The Green,Newcastle,Tyne and Wear,NE74 4RG
653,Hall Baker and Co,Construction,Enterprise,112 Innovation Drive,Newcastle,Tyne and Wear,NE45 1CV
654,Wood Thomas Partners,Insurance,Enterprise,95 Technology Park,Manchester,Greater Manchester,M71 9BA
655,Evans Green Ltd,Transport & Logistics,Enterprise,111 Innovation Drive,Liverpool,Merseyside,L76 6NX
656,Wood Networks Partners,IT Reseller,Partner,55 Business Park,Southampton,Hampshire,SO23 4SE
657,Patel Networks Ltd,IT Reseller,Partner,172 Mill Lane,Newcastle,Tyne and Wear,NE18 1AC
658,Morris Martin Group,Retail,SMB,36 Business Park,Birmingham,West Midlands,B54 7RZ
659,Hill Moore Services,Hospitality,SMB,116 Queens Road,Southampton,Hampshire,SO46 7HF
660,Baker Morris LLP,Legal Services,SMB,183 Market Street,Liverpool,Merseyside,L35 6PU
661,Williams Baker Holdings,Healthcare,SMB,29 The Green,Cardiff,Wales,CF62 3ZC
662,Edwards Hill UK,Recruitment,SMB,134 Technology Park,Birmingham,West Midlands,B79 8CH
663,Lee Harrison Partners,Healthcare,Public Sector,14 Technology Park,Coventry,West Midlands,CV44 8UA
664,Moore Ward International,Charity,SMB,108 Victoria Road,Nottingham,Nottinghamshire,NG38 1KF
665,Baker Hughes Ltd,Construction,SMB,149 Mill Lane,Oxford,Oxfordshire,OX74 5BY
666,Green Morris PLC,Legal Services,Enterprise,130 Station Road,Glasgow,Scotland,G36 5JE
667,Hughes Smith LLP,Professional Services,SMB,155 Mill Lane,Leeds,West Yorkshire,LS76 8EY
668,Walker IT Solutions Group,Telecommunications,Partner,125 Mill Lane,Liverpool,Merseyside,L68 2BL
669,Morgan Johnson Holdings,Retail,SMB,198 Queens Road,Reading,Berkshire,RG31 3YR
670,Baker Clarke Ltd,Technology,SMB,194 Enterprise Road,Sheffield,South Yorkshire,S15 8BF
671,Ward IT Solutions Partners,MSP,Partner,60 Queens Road,Southampton,Hampshire,SO88 8ZN
672,Johnson Clark Services,Manufacturing,Enterprise,74 Technology Park,London,Greater London,EC58 6NY
673,Williams Wilson UK,Recruitment,SMB,111 The Green,Cardiff,Wales,CF84 5JL
674,Wilson Hughes and Co,Professional Services,SMB,101 Kings Road,Milton Keynes,Buckinghamshire,MK99 4YH
675,Harris Walker Associates,Recruitment,SMB,3 Business Park,Southampton,Hampshire,SO2 7CA
676,Clark Wilson and Co,Financial Services,Enterprise,90 Church Road,Cambridge,Cambridgeshire,CB93 4KJ
677,Jones Davies Ltd,Healthcare,SMB,169 Technology Park,Coventry,West Midlands,CV28 2WX
678,University of Coventry,Education,Public Sector,97 Business Park,Glasgow,Scotland,G98 3XV
679,Academy of Edinburgh,Education,Public Sector,76 Kings Road,Sheffield,South Yorkshire,S85 8CX
680,Martin Lewis Partners,Professional Services,SMB,200 Station Road,Edinburgh,Scotland,EH36 7BN
681,Brown Hughes Partners,Transport & Logistics,SMB,113 Station Road,Edinburgh,Scotland,EH63 7GW
682,Morris Wilson Group,Hospitality,SMB,197 Queens Road,Southampton,Hampshire,SO28 2WX
683,Kings Hospital NHS Trust,NHS Trust,Public Sector,27 High Street,Sheffield,South Yorkshire,S10 5CV
684,Royal Hospital NHS Trust,NHS Trust,Public Sector,39 Business Park,Oxford,Oxfordshire,OX82 7AB
685,Johnson Harris Services,Professional Services,SMB,1 Market Street,Milton Keynes,Buckinghamshire,MK91 7SS
686,Taylor Tech Ltd,MSP,Partner,99 Innovation Drive,London,Greater London,EC62 9DV
687,Harris Hall Services,Transport & Logistics,Enterprise,162 Business Park,Manchester,Greater Manchester,M12 6MU
688,Hill Green and Co,Financial Services,SMB,46 Market Street,Bristol,Avon,BS6 4NY
689,Jackson Wilson and Co,Construction,SMB,125 Station Road,Cardiff,Wales,CF81 3RG
690,Wright Jones LLP,Healthcare,SMB,62 Kings Road,Milton Keynes,Buckinghamshire,MK50 5CU
691,Lee Cooper Ltd,Real Estate,Enterprise,87 High Street,Manchester,Greater Manchester,M44 2BN
692,Clark Hill and Co,Technology,SMB,39 Innovation Drive,Southampton,Hampshire,SO75 1HC
693,Morris Jones Holdings,Retail,SMB,12 Church Road,Coventry,West Midlands,CV90 1XE
694,Brown Hall PLC,Hospitality,SMB,157 Mill Lane,Cambridge,Cambridgeshire,CB76 2CD
695,Morgan Thompson PLC,Real Estate,Enterprise,110 Victoria Road,Bristol,Avon,BS95 6YN
696,Academy of Milton Keynes,Education,Public Sector,36 Victoria Road,Southampton,Hampshire,SO28 3BV
697,Taylor Evans Partners,Transport & Logistics,SMB,194 Queens Road,Glasgow,Scotland,G22 9ZM
698,Cooper White International,Retail,Enterprise,35 Station Road,Manchester,Greater Manchester,M81 3WN
699,Morris Davies Ltd,Legal Services,Enterprise,46 Technology Park,London,Greater London,EC12 5ZX
700,Oxford Borough Council,Local Government,Public Sector,37 Business Park,Bristol,Avon,BS35 7TR
701,Walker Williams International,Manufacturing,SMB,184 Kings Road,Edinburgh,Scotland,EH79 5CX
702,Turner Smith UK,Transport & Logistics,Enterprise,50 Station Road,Liverpool,Merseyside,L68 6DW
703,Moore Thompson Holdings,Media & Entertainment,Enterprise,71 High Street,Bristol,Avon,BS25 8DE
704,Walker Roberts and Co,Real Estate,Enterprise,14 Business Park,Manchester,Greater Manchester,M47 7KG
705,Harris Hill Ltd,Manufacturing,Enterprise,190 High Street,Leeds,West Yorkshire,LS69 1FF
706,Moore Evans PLC,Real Estate,Enterprise,185 Kings Road,Liverpool,Merseyside,L76 7VL
707,Lewis Thompson PLC,Hospitality,Enterprise,59 Station Road,Nottingham,Nottinghamshire,NG31 7PG
708,Taylor Ward International,Technology,Enterprise,14 Technology Park,Oxford,Oxfordshire,OX56 8EG
709,Jackson Patel Group,Hospitality,SMB,185 Church Road,Cambridge,Cambridgeshire,CB81 4MJ
710,Thomas Williams LLP,Transport & Logistics,SMB,16 Park Lane,Milton Keynes,Buckinghamshire,MK18 8DR
711,Edinburgh City Council,Local Government,Public Sector,76 The Green,Liverpool,Merseyside,L21 3XW
712,Davies Turner UK,Technology,Enterprise,56 The Green,Oxford,Oxfordshire,OX61 1RJ
713,White White Associates,Central Government,Public Sector,149 Church Road,Reading,Berkshire,RG76 1EV
714,Manchester Council,Local Government,Public Sector,188 Commerce Way,Oxford,Oxfordshire,OX65 9BP
715,Ward Connect Ltd,MSP,Partner,127 Church Road,Cambridge,Cambridgeshire,CB11 7UA
716,Thomas Clarke Partners,Technology,SMB,166 Station Road,Liverpool,Merseyside,L3 5SY
717,Hill Baker LLP,Retail,Enterprise,7 Kings Road,Milton Keynes,Buckinghamshire,MK60 7EZ
718,Patel Hill LLP,Hospitality,SMB,161 Station Road,London,Greater London,EC50 9ZL
719,Green Martin Partners,Healthcare,SMB,139 The Green,Coventry,West Midlands,CV27 6YC
720,Moore Patel Ltd,Healthcare,Enterprise,99 Victoria Road,Leeds,West Yorkshire,LS60 6WB
721,Walker Connect Group,Telecommunications,Partner,144 Innovation Drive,Birmingham,West Midlands,B27 4EL
722,Evans Ward LLP,Media & Entertainment,Enterprise,180 Church Road,Milton Keynes,Buckinghamshire,MK97 6HL
723,Moore Martin Partners,Professional Services,SMB,17 Victoria Road,Manchester,Greater Manchester,M45 9RS
724,Evans Ward LLP,Recruitment,SMB,174 Enterprise Road,Southampton,Hampshire,SO69 6KR
725,Wright Hill PLC,Healthcare,Public Sector,101 Technology Park,Birmingham,West Midlands,B23 2KC
726,Edwards Evans LLP,Retail,Enterprise,128 Mill Lane,Glasgow,Scotland,G27 1TX
727,Turner Lee Group,Professional Services,Enterprise,89 Queens Road,Oxford,Oxfordshire,OX57 5XA
728,Taylor Jones Solutions,Hospitality,Enterprise,166 Victoria Road,Brighton,East Sussex,BN53 6VL
729,Harrison Clark UK,Real Estate,Enterprise,118 Park Lane,Cambridge,Cambridgeshire,CB73 3EK
730,Thompson Ward Associates,Manufacturing,Enterprise,198 Enterprise Road,Newcastle,Tyne and Wear,NE7 5EM
731,Roberts Roberts LLP,Charity,SMB,74 Mill Lane,Southampton,Hampshire,SO23 3ZZ
732,White Evans Ltd,Retail,Enterprise,148 Mill Lane,Nottingham,Nottinghamshire,NG57 3JM
733,King Williams and Co,Technology,SMB,89 Mill Lane,Nottingham,Nottinghamshire,NG48 3RU
734,Hall Evans Ltd,Media & Entertainment,Enterprise,128 Commerce Way,Belfast,Northern Ireland,BT19 3RL
735,Lee Moore Associates,Legal Services,SMB,122 Technology Park,Newcastle,Tyne and Wear,NE38 3VY
736,County Hospital NHS Trust,NHS Trust,Public Sector,188 Kings Road,Leeds,West Yorkshire,LS6 9EY
737,College of London,Education,Public Sector,159 Enterprise Road,Belfast,Northern Ireland,BT29 2RM
738,Brown Morgan and Co,Construction,Enterprise,150 Market Street,Bristol,Avon,BS29 1JG
739,Lee Cooper and Co,Financial Services,SMB,132 Queens Road,Birmingham,West Midlands,B25 9SL
740,Patel Wood Group,Healthcare,Enterprise,95 Queens Road,Reading,Berkshire,RG48 6AK
741,Hall Cooper UK,Transport & Logistics,Enterprise,56 Innovation Drive,Birmingham,West Midlands,B57 5PR
742,Martin Turner Group,Retail,Enterprise,154 Station Road,Milton Keynes,Buckinghamshire,MK19 8GK
743,Harris Taylor International,Recruitment,SMB,23 High Street,Belfast,Northern Ireland,BT53 7XJ
744,King Hill LLP,Hospitality,SMB,194 Technology Park,Milton Keynes,Buckinghamshire,MK18 7GF
745,King Morris Ltd,Professional Services,Enterprise,150 Park Lane,Newcastle,Tyne and Wear,NE64 4UR
746,Smith Johnson Partners,Legal Services,Enterprise,164 Enterprise Road,Newcastle,Tyne and Wear,NE82 5SD
747,Edinburgh County Council,Local Government,Public Sector,8 Station Road,Liverpool,Merseyside,L98 2JS
748,Harrison Networks Group,Telecommunications,Partner,67 Business Park,Reading,Berkshire,RG88 2SZ
749,Moore Connect Group,Telecommunications,Partner,67 Mill Lane,London,Greater London,EC75 6BE
750,Thomas Clarke Group,Charity,SMB,70 Victoria Road,Manchester,Greater Manchester,M54 1XM
751,Green Clark and Co,Professional Services,Enterprise,132 Church Road,Birmingham,West Midlands,B99 2XF
752,Lee Lewis Associates,Retail,Enterprise,70 Business Park,Newcastle,Tyne and Wear,NE90 2ZM
753,Harrison Clarke Group,Media & Entertainment,Enterprise,36 Market Street,London,Greater London,EC37 7MS
754,Roberts Wilson Solutions,Transport & Logistics,SMB,129 Church Road,Glasgow,Scotland,G25 9UW
755,King Evans Services,Media & Entertainment,Enterprise,20 Station Road,Cambridge,Cambridgeshire,CB17 6AS
756,Patel Thomas Holdings,Construction,SMB,134 Commerce Way,Coventry,West Midlands,CV44 5FZ
757,Evans Thompson Group,Legal Services,Enterprise,177 Church Road,Glasgow,Scotland,G40 3EG
758,Martin Evans PLC,Financial Services,SMB,199 Kings Road,London,Greater London,EC97 4PB
759,Williams Moore International,Financial Services,Enterprise,121 Station Road,Manchester,Greater Manchester,M33 5BC
760,Wilson Evans International,Legal Services,SMB,151 Technology Park,Bristol,Avon,BS26 6FY
761,Davies Johnson LLP,Legal Services,Enterprise,149 Victoria Road,Sheffield,South Yorkshire,S46 4FT
762,Baker Taylor PLC,Insurance,Enterprise,196 High Street,Milton Keynes,Buckinghamshire,MK68 4GZ
763,Roberts Lee Ltd,Professional Services,Enterprise,55 Technology Park,Leeds,West Yorkshire,LS65 6ZS
764,Cooper Wilson Group,Hospitality,SMB,98 Queens Road,Cardiff,Wales,CF28 7TH
765,College of Leeds,Education,Public Sector,29 Market Street,Cambridge,Cambridgeshire,CB18 5SM
766,Davies Lewis Holdings,Healthcare,SMB,99 Park Lane,Leeds,West Yorkshire,LS59 8WK
767,King Turner Partners,Technology,Enterprise,49 Enterprise Road,Reading,Berkshire,RG9 6SY
768,Smith Morris and Co,Hospitality,SMB,102 Kings Road,Leeds,West Yorkshire,LS67 2YY
769,University of Belfast,Education,Public Sector,178 The Green,Belfast,Northern Ireland,BT14 6FC
770,Harris Wright International,Hospitality,Enterprise,32 Church Road,Belfast,Northern Ireland,BT55 5SJ
771,Clarke Networks Group,MSP,Partner,104 Kings Road,Coventry,West Midlands,CV66 8JE
772,Evans Hughes Holdings,Financial Services,Enterprise,60 Business Park,Oxford,Oxfordshire,OX18 1AD
773,Morris Jones Group,Healthcare,Public Sector,155 Business Park,Belfast,Northern Ireland,BT42 2EK
774,Clark Morris Holdings,Healthcare,Public Sector,76 Business Park,Bristol,Avon,BS64 5ST
775,Harris Lee UK,Media & Entertainment,Enterprise,196 High Street,London,Greater London,EC56 8DN
776,Jackson Cooper Holdings,Construction,Enterprise,9 Mill Lane,Manchester,Greater Manchester,M72 3YK
777,Martin Thomas Partners,Real Estate,Enterprise,125 Commerce Way,Belfast,Northern Ireland,BT15 8VY
778,Baker Ward Holdings,Media & Entertainment,Enterprise,41 Market Street,Southampton,Hampshire,SO8 8NJ
779,Clarke IT Solutions Partners,IT Reseller,Partner,8 The Green,Manchester,Greater Manchester,M6 6EM
780,Harris Jackson PLC,Legal Services,Enterprise,89 Victoria Road,Reading,Berkshire,RG53 4MB
781,White Hall International,Manufacturing,SMB,177 Station Road,Birmingham,West Midlands,B40 3DL
782,Lee Lewis Ltd,Legal Services,Enterprise,169 Enterprise Road,Cambridge,Cambridgeshire,CB55 7VT
783,Jones Ward International,Professional Services,SMB,82 Queens Road,London,Greater London,EC74 2NL
784,Wilson Robinson Associates,Real Estate,Enterprise,129 Commerce Way,Oxford,Oxfordshire,OX98 3YL
785,Patel Martin Solutions,Construction,SMB,163 Enterprise Road,Oxford,Oxfordshire,OX10 5UG
786,Brown Hall International,Manufacturing,Enterprise,58 The Green,Belfast,Northern Ireland,BT96 2CZ
787,Edwards Taylor International,Transport & Logistics,SMB,122 Queens Road,Brighton,East Sussex,BN27 5MC
788,Hall Martin and Co,Insurance,Enterprise,81 Church Road,Southampton,Hampshire,SO54 9NJ
789,King Walker Ltd,Charity,SMB,48 The Green,Brighton,East Sussex,BN64 8GY
790,Lee Martin International,Professional Services,SMB,134 Church Road,Manchester,Greater Manchester,M47 4RE
791,Hall Martin Services,Retail,SMB,17 Business Park,Nottingham,Nottinghamshire,NG27 5PJ
792,Hughes Morgan Solutions,Retail,Enterprise,62 Station Road,Belfast,Northern Ireland,BT20 4GA
793,Hill Morris UK,Construction,SMB,109 Business Park,Reading,Berkshire,RG5 5GF
794,University of Sheffield,Education,Enterprise,169 Market Street,Sheffield,South Yorkshire,S23 8XB
795,Brown Davies Associates,Legal Services,Enterprise,77 Enterprise Road,Coventry,West Midlands,CV9 2PM
796,Thomas Telecom Ltd,MSP,Partner,189 Market Street,Milton Keynes,Buckinghamshire,MK16 9TY
797,Morris Davies Solutions,Manufacturing,Enterprise,32 Commerce Way,Coventry,West Midlands,CV41 7LV
798,Martin Robinson Group,Manufacturing,SMB,45 Church Road,Leeds,West Yorkshire,LS36 5RP
799,Morris Lee Associates,Healthcare,Enterprise,82 Market Street,Leeds,West Yorkshire,LS55 4SY
800,Johnson Patel Holdings,Professional Services,SMB,79 High Street,Cardiff,Wales,CF83 1WB
801,Hughes King Services,Manufacturing,SMB,164 Innovation Drive,Newcastle,Tyne and Wear,NE47 9YD
802,Cooper Jackson Ltd,Manufacturing,SMB,66 Park Lane,Belfast,Northern Ireland,BT12 4HK
803,Cooper Lewis and Co,Retail,Enterprise,9 Park Lane,Reading,Berkshire,RG11 7SS
804,Martin Wilson Group,Transport & Logistics,SMB,130 Station Road,Sheffield,South Yorkshire,S46 9PW
805,Hill Jones Ltd,Construction,Enterprise,162 Kings Road,Edinburgh,Scotland,EH83 7EA
806,Hall Lewis International,Hospitality,Enterprise,29 Mill Lane,Birmingham,West Midlands,B32 3TZ
807,Nottingham County Council,Local Government,Public Sector,189 Mill Lane,Oxford,Oxfordshire,OX34 6FY
808,Wright Davies Services,Professional Services,Enterprise,47 Queens Road,Cardiff,Wales,CF49 1VH
809,King Thompson PLC,Legal Services,Enterprise,51 Park Lane,Cambridge,Cambridgeshire,CB90 7FB
810,Morgan Hughes Group,Central Government,Public Sector,95 Mill Lane,Birmingham,West Midlands,B73 9DA
811,Hill Morris PLC,Central Government,Public Sector,183 Church Road,Liverpool,Merseyside,L25 8JK
812,Thomas Networks Ltd,IT Reseller,Partner,56 Enterprise Road,Coventry,West Midlands,CV37 7YG
813,Turner Johnson Ltd,Hospitality,SMB,68 Church Road,Newcastle,Tyne and Wear,NE80 6RH
814,Davies Smith Holdings,Charity,SMB,83 Innovation Drive,Glasgow,Scotland,G51 7YG
815,Morgan Hughes PLC,Central Government,Public Sector,143 High Street,Leeds,West Yorkshire,LS7 8LH
816,Morgan Morgan LLP,Transport & Logistics,Enterprise,2 Park Lane,Manchester,Greater Manchester,M65 5WN
817,Patel Telecom Group,MSP,Partner,149 Mill Lane,Manchester,Greater Manchester,M34 8FT
818,Hill Thomas PLC,Transport & Logistics,SMB,182 Market Street,Nottingham,Nottinghamshire,NG56 2EJ
819,Williams Thomas Holdings,Construction,Enterprise,192 Victoria Road,Sheffield,South Yorkshire,S56 5KJ
820,Lewis Martin Group,Recruitment,SMB,189 Kings Road,Nottingham,Nottinghamshire,NG98 8EU
821,Wright Johnson Ltd,Healthcare,Enterprise,47 High Street,Liverpool,Merseyside,L61 8JF
822,Evans Morris Ltd,Central Government,Public Sector,92 Innovation Drive,Cambridge,Cambridgeshire,CB72 8SR
823,Academy of Glasgow,Education,Public Sector,90 Station Road,Leeds,West Yorkshire,LS27 3KF
824,Edwards Baker and Co,Insurance,Enterprise,55 The Green,Milton Keynes,Buckinghamshire,MK1 3TV
825,Birmingham Borough Council,Local Government,Public Sector,174 Station Road,Oxford,Oxfordshire,OX43 2AK
826,Patel Tech Ltd,MSP,Partner,40 High Street,Nottingham,Nottinghamshire,NG11 8RZ
827,Edwards Morgan and Co,Charity,SMB,85 High Street,London,Greater London,EC84 6WR
828,University of Manchester,Education,Enterprise,83 Commerce Way,Newcastle,Tyne and Wear,NE8 7CU
829,Wood Hughes Group,Financial Services,SMB,198 Enterprise Road,Liverpool,Merseyside,L52 4CA
830,Jackson Wood Partners,Retail,Enterprise,31 Park Lane,Glasgow,Scotland,G63 3PK
831,Wilson Patel UK,Transport & Logistics,Enterprise,126 Kings Road,Bristol,Avon,BS50 7SJ
832,Martin Patel International,Financial Services,SMB,112 Business Park,Edinburgh,Scotland,EH55 9CB
833,Hill Thompson and Co,Transport & Logistics,SMB,127 Market Street,Glasgow,Scotland,G81 2XT
834,Hill Martin PLC,Professional Services,Enterprise,77 Mill Lane,Oxford,Oxfordshire,OX17 4YK
835,Martin Green International,Recruitment,SMB,142 Station Road,Manchester,Greater Manchester,M6 9TD
836,Turner Wilson Holdings,Central Government,Public Sector,65 Victoria Road,Milton Keynes,Buckinghamshire,MK33 9VC
837,Evans Hill Group,Legal Services,Enterprise,101 High Street,Edinburgh,Scotland,EH11 5PZ
838,Harrison Hill and Co,Construction,Enterprise,160 Commerce Way,Cambridge,Cambridgeshire,CB34 4LF
839,Davies Morgan Partners,Hospitality,SMB,112 Market Street,Leeds,West Yorkshire,LS3 2AN
840,Roberts Ward Holdings,Legal Services,SMB,169 Innovation Drive,Belfast,Northern Ireland,BT78 6SK
841,Hall Communications Ltd,MSP,Partner,4 Church Road,Glasgow,Scotland,G15 4AZ
842,Robinson Ward and Co,Legal Services,Enterprise,167 Church Road,Glasgow,Scotland,G56 4XU
843,Hall Hill Group,Financial Services,SMB,109 High Street,Oxford,Oxfordshire,OX15 8FE
844,Ward Jones Holdings,Real Estate,Enterprise,63 Church Road,Milton Keynes,Buckinghamshire,MK38 1VN
845,Smith Wilson and Co,Transport & Logistics,SMB,107 Enterprise Road,Reading,Berkshire,RG64 9VW
846,Williams Morris Services,Professional Services,Enterprise,132 The Green,Oxford,Oxfordshire,OX93 8WY
847,Brown Clark Ltd,Technology,Enterprise,148 Victoria Road,Reading,Berkshire,RG71 7CJ
848,Evans Morris International,Real Estate,SMB,115 Innovation Drive,Cardiff,Wales,CF56 5AF
849,Ward Clarke Holdings,Hospitality,Enterprise,130 Church Road,Liverpool,Merseyside,L76 8YL
850,College of Belfast,Education,Enterprise,173 Business Park,Reading,Berkshire,RG95 3MS
851,Green Davies and Co,Technology,SMB,34 Mill Lane,Oxford,Oxfordshire,OX26 8FW
852,Turner Morris Partners,Financial Services,Enterprise,54 Market Street,Liverpool,Merseyside,L7 5AM
853,Roberts Walker UK,Transport & Logistics,Enterprise,17 Victoria Road,Manchester,Greater Manchester,M56 4DW
854,Academy of Liverpool,Education,Public Sector,67 Victoria Road,Oxford,Oxfordshire,OX46 5BU
855,Moore Morgan and Co,Retail,SMB,181 High Street,Leeds,West Yorkshire,LS57 2RD
856,King Williams UK,Financial Services,Enterprise,43 Business Park,Leeds,West Yorkshire,LS16 3GM
857,Cooper Moore Holdings,Professional Services,Enterprise,40 Business Park,Leeds,West Yorkshire,LS47 2LE
858,Cooper Turner Ltd,Hospitality,Enterprise,122 Victoria Road,Liverpool,Merseyside,L37 2TF
859,Patel Turner Associates,Professional Services,SMB,39 Commerce Way,Liverpool,Merseyside,L97 4TP
860,College of Reading,Education,Enterprise,118 Enterprise Road,Reading,Berkshire,RG67 1YM
861,City Hospital NHS Trust,NHS Trust,Public Sector,184 Commerce Way,London,Greater London,EC67 6CC
862,Wood Roberts Services,Construction,Enterprise,101 Commerce Way,Manchester,Greater Manchester,M5 3YX
863,Clark Green Services,Healthcare,Enterprise,175 Innovation Drive,Belfast,Northern Ireland,BT71 6KL
864,Edwards Clark International,Legal Services,SMB,180 Queens Road,Glasgow,Scotland,G58 9XG
865,Kings Hospital NHS Trust,NHS Trust,Public Sector,167 Queens Road,Cardiff,Wales,CF26 1KC
866,Harris Jackson LLP,Media & Entertainment,Enterprise,134 Market Street,Glasgow,Scotland,G37 9GC
867,Clark Harris and Co,Construction,SMB,6 High Street,Edinburgh,Scotland,EH70 4VJ
868,Martin Moore PLC,Construction,SMB,96 Park Lane,Manchester,Greater Manchester,M81 2TM
869,Evans Cooper Partners,Healthcare,Enterprise,189 High Street,Milton Keynes,Buckinghamshire,MK59 9LH
870,Clarke Hall Partners,Technology,Enterprise,173 Mill Lane,Milton Keynes,Buckinghamshire,MK92 4NT
871,Lewis Clark International,Financial Services,Enterprise,200 Victoria Road,Bristol,Avon,BS59 7DE
872,Birmingham Council,Local Government,Public Sector,109 Technology Park,Manchester,Greater Manchester,M17 8SG
873,Patel Clark Services,Healthcare,Public Sector,144 Market Street,Milton Keynes,Buckinghamshire,MK51 8JV
874,Cooper Morris LLP,Central Government,Public Sector,42 Mill Lane,Reading,Berkshire,RG65 8ES
875,Academy of Brighton,Education,Enterprise,31 Innovation Drive,Brighton,East Sussex,BN28 1RS
876,King Patel PLC,Retail,Enterprise,105 Station Road,Coventry,West Midlands,CV16 5MV
877,Clark Johnson PLC,Healthcare,SMB,79 Victoria Road,Cardiff,Wales,CF39 1KS
878,Johnson Harrison Services,Retail,SMB,79 Technology Park,Manchester,Greater Manchester,M37 8GF
879,Evans King Associates,Legal Services,SMB,12 Queens Road,Birmingham,West Midlands,B62 8VK
880,Jackson Ward LLP,Transport & Logistics,SMB,34 Commerce Way,Coventry,West Midlands,CV18 8TX
881,Kings Hospital NHS Trust,NHS Trust,Public Sector,39 Enterprise Road,Cambridge,Cambridgeshire,CB94 7LC
882,Thompson Networks Partners,IT Reseller,Partner,12 Business Park,Southampton,Hampshire,SO57 2JX
883,Jones Baker and Co,Retail,Enterprise,144 Business Park,Newcastle,Tyne and Wear,NE16 2XU
884,Lee Baker Ltd,Hospitality,Enterprise,134 Church Road,Milton Keynes,Buckinghamshire,MK97 1ST
885,Academy of Southampton,Education,Public Sector,5 Park Lane,Edinburgh,Scotland,EH27 8HZ
886,Lee Morgan Associates,Financial Services,SMB,151 High Street,Belfast,Northern Ireland,BT63 7AL
887,Turner Jones UK,Hospitality,SMB,98 Park Lane,Nottingham,Nottinghamshire,NG12 9DD
888,Green Johnson Group,Retail,Enterprise,197 Station Road,Sheffield,South Yorkshire,S20 3KP
889,Lewis Walker Ltd,Healthcare,Enterprise,77 Queens Road,Manchester,Greater Manchester,M13 7LE
890,Hughes Jackson PLC,Construction,Enterprise,52 Church Road,Manchester,Greater Manchester,M97 4WV
891,Moore Moore Services,Real Estate,Enterprise,69 High Street,Leeds,West Yorkshire,LS41 7RU
892,Ward Jones Services,Healthcare,Public Sector,5 Park Lane,Liverpool,Merseyside,L71 2VY
893,King Thomas Partners,Manufacturing,SMB,105 Kings Road,Milton Keynes,Buckinghamshire,MK11 4XT
894,Patel Lee Group,Retail,SMB,138 Queens Road,Liverpool,Merseyside,L72 1RB
895,Green Roberts Ltd,Charity,SMB,124 Park Lane,Manchester,Greater Manchester,M77 7JY
896,Robinson Harrison UK,Transport & Logistics,Enterprise,12 Mill Lane,Newcastle,Tyne and Wear,NE95 2UV
897,Davies Wood LLP,Construction,SMB,36 Innovation Drive,Leeds,West Yorkshire,LS72 4JP
898,Lewis Harris and Co,Insurance,Enterprise,193 Innovation Drive,Sheffield,South Yorkshire,S58 6JH
899,Robinson Hill International,Transport & Logistics,SMB,5 Technology Park,Nottingham,Nottinghamshire,NG89 1EX
900,Smith Smith and Co,Real Estate,SMB,106 Market Street,Edinburgh,Scotland,EH90 7ZS
901,Davies Taylor UK,Media & Entertainment,Enterprise,172 Kings Road,London,Greater London,EC87 7DM
902,Jackson Walker LLP,Transport & Logistics,Enterprise,32 Kings Road,London,Greater London,EC48 1GR
903,Jones Edwards and Co,Technology,Enterprise,50 Station Road,Cardiff,Wales,CF79 4XK
904,Morris Patel Ltd,Technology,Enterprise,127 Technology Park,Sheffield,South Yorkshire,S91 4ZW
905,Wright Wood PLC,Legal Services,SMB,146 Market Street,Sheffield,South Yorkshire,S64 4FU
906,Taylor Harrison Group,Hospitality,SMB,33 Park Lane,Birmingham,West Midlands,B73 5HT
907,Jones Lee International,Hospitality,Enterprise,175 Market Street,Sheffield,South Yorkshire,S59 1AP
908,Martin Turner Partners,Construction,Enterprise,175 Market Street,Leeds,West Yorkshire,LS60 9SM
909,Thompson Brown Partners,Healthcare,SMB,137 Kings Road,Reading,Berkshire,RG41 4AN
910,Davies Baker Ltd,Transport & Logistics,SMB,177 Queens Road,Liverpool,Merseyside,L10 3HG
911,Hall Taylor and Co,Transport & Logistics,SMB,8 Kings Road,Leeds,West Yorkshire,LS56 6AV
912,White Wilson Holdings,Manufacturing,Enterprise,88 Enterprise Road,Liverpool,Merseyside,L7 4LT
913,Morgan Cooper PLC,Healthcare,Public Sector,149 Station Road,Cambridge,Cambridgeshire,CB11 7BB
914,Taylor Thomas Ltd,Construction,Enterprise,15 Park Lane,Cambridge,Cambridgeshire,CB79 2XP
915,Brown King Ltd,Financial Services,Enterprise,98 Queens Road,Newcastle,Tyne and Wear,NE13 4WP
916,Hill Jackson Holdings,Legal Services,SMB,159 The Green,Reading,Berkshire,RG13 1LX
917,Clark Harris International,Charity,SMB,28 Station Road,Bristol,Avon,BS2 2WZ
918,Baker Thomas and Co,Hospitality,Enterprise,66 Victoria Road,Brighton,East Sussex,BN54 8SW
919,White Thomas Ltd,Hospitality,SMB,33 Park Lane,Manchester,Greater Manchester,M75 6PT
920,Harrison Lee Group,Construction,SMB,121 Park Lane,Glasgow,Scotland,G78 6LK
921,Clark Harrison and Co,Legal Services,SMB,15 Church Road,Glasgow,Scotland,G65 7UB
922,Wright Wright and Co,Transport & Logistics,Enterprise,18 Victoria Road,Bristol,Avon,BS25 8YS
923,Harrison Baker Associates,Transport & Logistics,SMB,77 Queens Road,Coventry,West Midlands,CV43 8FD
924,Morris Thompson Ltd,Healthcare,SMB,178 Church Road,Liverpool,Merseyside,L60 4WG
925,Harris Jackson Solutions,Real Estate,SMB,48 Enterprise Road,Belfast,Northern Ireland,BT1 2MA
926,Jones King PLC,Transport & Logistics,Enterprise,75 Kings Road,Glasgow,Scotland,G25 6XV
927,Jones Wright Solutions,Healthcare,SMB,45 Church Road,Newcastle,Tyne and Wear,NE34 9FL
928,Walker Wright Ltd,Manufacturing,SMB,68 Technology Park,Edinburgh,Scotland,EH13 3AY
929,Evans IT Solutions Ltd,IT Reseller,Partner,117 Church Road,Newcastle,Tyne and Wear,NE48 3MY
930,Martin Taylor PLC,Recruitment,SMB,34 Commerce Way,Glasgow,Scotland,G25 7GU
931,Lewis Tech Partners,Telecommunications,Partner,12 Commerce Way,Liverpool,Merseyside,L79 9VG
932,Johnson Lewis Solutions,Professional Services,Enterprise,162 Commerce Way,Manchester,Greater Manchester,M36 8ET
933,Davies Ward and Co,Technology,SMB,17 Mill Lane,Coventry,West Midlands,CV66 9NX
934,Morris Tech Partners,Telecommunications,Partner,83 Innovation Drive,Edinburgh,Scotland,EH48 8TZ
935,Ward Edwards International,Real Estate,Enterprise,164 Technology Park,Belfast,Northern Ireland,BT75 4XB
936,Wright Cooper Solutions,Technology,Enterprise,56 Park Lane,Belfast,Northern Ireland,BT55 3NV
937,Hughes Tech Ltd,Telecommunications,Partner,193 Station Road,Glasgow,Scotland,G38 6RT
938,Harrison Williams Holdings,Technology,Enterprise,160 Victoria Road,Brighton,East Sussex,BN55 7RR
939,Cardiff County Council,Local Government,Public Sector,70 Queens Road,Nottingham,Nottinghamshire,NG4 4FR
940,Taylor Clarke PLC,Manufacturing,Enterprise,129 Market Street,Newcastle,Tyne and Wear,NE70 5XC
941,Wilson Evans PLC,Technology,Enterprise,10 Market Street,Cardiff,Wales,CF26 6LG
942,Hall Edwards Solutions,Manufacturing,Enterprise,36 Enterprise Road,Coventry,West Midlands,CV97 5ZU
943,Hall Green Associates,Legal Services,SMB,104 Enterprise Road,Belfast,Northern Ireland,BT75 8XA
944,Johnson Wood Solutions,Insurance,Enterprise,186 Innovation Drive,Liverpool,Merseyside,L27 9SH
945,Hill Harris PLC,Charity,SMB,49 Queens Road,Nottingham,Nottinghamshire,NG99 4ZP
946,St Marys Hospital NHS Trust,NHS Trust,Public Sector,8 Victoria Road,Southampton,Hampshire,SO18 5VE
947,Morris Clarke Associates,Legal Services,SMB,108 Queens Road,Liverpool,Merseyside,L88 9NZ
948,Lewis Harrison Ltd,Construction,SMB,9 Technology Park,Milton Keynes,Buckinghamshire,MK18 7EL
949,Robinson Networks Ltd,IT Reseller,Partner,99 Church Road,Southampton,Hampshire,SO61 8DL
950,Davies Roberts PLC,Construction,SMB,46 High Street,Southampton,Hampshire,SO89 1WS
951,Wright Taylor Services,Hospitality,SMB,53 Church Road,Newcastle,Tyne and Wear,NE38 2YT
952,Brown Patel UK,Charity,SMB,44 Victoria Road,London,Greater London,EC53 2NF
953,Academy of Reading,Education,Enterprise,191 Station Road,Oxford,Oxfordshire,OX50 4GE
954,Martin Ward Group,Construction,SMB,148 Park Lane,Coventry,West Midlands,CV76 8GT
955,Wright Smith Group,Professional Services,SMB,17 Enterprise Road,Cambridge,Cambridgeshire,CB52 9WH
956,Baker Morris Holdings,Transport & Logistics,SMB,148 High Street,Cambridge,Cambridgeshire,CB95 8CK
957,Hall Wood International,Transport & Logistics,Enterprise,107 Church Road,Edinburgh,Scotland,EH23 8WP
958,Walker Connect Group,IT Reseller,Partner,101 Innovation Drive,Leeds,West Yorkshire,LS6 5HF
959,Green Taylor LLP,Media & Entertainment,Enterprise,127 Queens Road,Bristol,Avon,BS98 6UD
960,Wilson Moore Associates,Healthcare,Public Sector,116 Mill Lane,Reading,Berkshire,RG33 1GT
961,Jones Taylor and Co,Charity,SMB,98 Victoria Road,Cambridge,Cambridgeshire,CB96 7NG
962,Smith Hughes PLC,Healthcare,SMB,84 Business Park,Glasgow,Scotland,G96 8RS
963,Davies King and Co,Healthcare,Public Sector,183 Kings Road,Liverpool,Merseyside,L18 3SJ
964,Jones Morgan PLC,Retail,Enterprise,76 Station Road,Edinburgh,Scotland,EH69 2NF
965,Edwards Johnson Holdings,Legal Services,SMB,46 Church Road,Cardiff,Wales,CF92 9BY
966,Cooper Brown and Co,Technology,SMB,165 Business Park,Brighton,East Sussex,BN92 7YD
967,Cooper Brown International,Construction,SMB,13 Commerce Way,London,Greater London,EC49 6GH
968,Wright Davies Ltd,Manufacturing,SMB,8 High Street,Reading,Berkshire,RG44 2GY
969,Wilson Roberts LLP,Technology,Enterprise,12 Queens Road,Edinburgh,Scotland,EH66 6DL
970,Robinson Lee Services,Hospitality,Enterprise,31 Church Road,Reading,Berkshire,RG28 6DM
971,Smith Wood and Co,Hospitality,SMB,4 Queens Road,Nottingham,Nottinghamshire,NG28 2RH
972,Patel Williams PLC,Professional Services,SMB,106 Park Lane,Bristol,Avon,BS99 2WS
973,Baker Roberts Partners,Media & Entertainment,Enterprise,154 Victoria Road,Leeds,West Yorkshire,LS81 3ZN
974,Walker Lewis and Co,Transport & Logistics,SMB,18 Victoria Road,Oxford,Oxfordshire,OX3 8WV
975,Moore Connect Group,IT Reseller,Partner,129 The Green,Liverpool,Merseyside,L91 1AH
976,College of Liverpool,Education,Public Sector,194 Church Road,Reading,Berkshire,RG80 3CB
977,Morris IT Solutions Ltd,Telecommunications,Partner,97 Church Road,Glasgow,Scotland,G83 8BH
978,Thomas Edwards Associates,Transport & Logistics,SMB,134 Commerce Way,Manchester,Greater Manchester,M54 1XK
979,Harris Harris Solutions,Technology,Enterprise,139 High Street,Bristol,Avon,BS86 4HY
980,Clark IT Solutions Ltd,IT Reseller,Partner,162 High Street,Cambridge,Cambridgeshire,CB9 4SC
981,Johnson Robinson Group,Healthcare,Enterprise,45 The Green,Birmingham,West Midlands,B71 9GH
982,Martin Hill Partners,Financial Services,SMB,185 Church Road,Edinburgh,Scotland,EH32 4PF
983,Green Baker Holdings,Construction,SMB,70 Enterprise Road,Bristol,Avon,BS62 7CM
984,Roberts Networks Partners,IT Reseller,Partner,130 The Green,Reading,Berkshire,RG95 8PE
985,Jackson Martin PLC,Legal Services,Enterprise,153 Market Street,Newcastle,Tyne and Wear,NE20 5UF
986,Hill IT Solutions Partners,IT Reseller,Partner,97 Market Street,Newcastle,Tyne and Wear,NE78 6SC
987,Academy of Oxford,Education,Enterprise,40 Technology Park,Bristol,Avon,BS25 9AA
988,Morris Networks Partners,Telecommunications,Partner,191 Victoria Road,Belfast,Northern Ireland,BT50 2SK
989,Manchester Council,Local Government,Public Sector,145 Mill Lane,Belfast,Northern Ireland,BT25 6PJ
990,Morris Patel LLP,Insurance,Enterprise,167 Queens Road,Manchester,Greater Manchester,M55 8HH
991,Patel Jones LLP,Healthcare,SMB,67 The Green,Glasgow,Scotland,G59 5YE
992,Morgan Harrison and Co,Manufacturing,SMB,4 Station Road,Edinburgh,Scotland,EH99 7CX
993,Harrison Communications Group,MSP,Partner,109 Mill Lane,Bristol,Avon,BS55 5JZ
994,Lee Jackson International,Insurance,Enterprise,188 Queens Road,Newcastle,Tyne and Wear,NE97 6CD
995,Edwards Robinson LLP,Retail,SMB,179 Park Lane,Belfast,Northern Ireland,BT1 1FS
996,Taylor Turner UK,Financial Services,Enterprise,168 Park Lane,Reading,Berkshire,RG94 3PF
997,Walker Connect Ltd,Telecommunications,Partner,125 Mill Lane,Bristol,Avon,BS65 4DR
998,Wright Brown LLP,Hospitality,SMB,195 Church Road,Edinburgh,Scotland,EH34 2PR
999,Davies Green PLC,Retail,Enterprise,32 Park Lane,Belfast,Northern Ireland,BT9 4LA
1000,Morris Wilson Ltd,Real Estate,SMB,69 Commerce Way,Manchester,Greater Manchester,M1 1YV
